SiteKey,Year,MonthNum,CampusKey,kWp,Number of panels,Panel,Inverter,lat,Lon,monthly_generation_kwh,nonnull_generation_intervals,air_temperature_mean_c,apparent_temperature_mean_c,dew_point_mean_c,relative_humidity_mean_pct,wind_speed_mean,generation_kwh_per_kwp,month_sin,month_cos
27,2020,1,1,539.8,1240.92,SunpowerSPR-E20-435-COM,5 X ABB,-37.71828652,145.0509752,52882.59366999997,1312,20.14110439067742,19.129379480265122,12.49868279565894,67.92320788531552,9.709769265209006,97.96701309744346,0.49999999999999994,0.8660254037844387
27,2020,2,1,539.8,1240.92,SunpowerSPR-E20-435-COM,5 X ABB,-37.71828652,145.0509752,54404.46899999997,1444,19.072332375427443,18.76363266291451,14.518285440609196,77.67523946364584,9.919209770086924,100.78634494257128,0.8660254037844386,0.5000000000000001
27,2020,3,1,539.8,1240.92,SunpowerSPR-E20-435-COM,5 X ABB,-37.71828652,145.0509752,53486.31200000015,1476,17.30524865592507,16.060849014389113,11.119970878090726,70.63317652326948,8.604086021459006,99.08542423119702,1.0,6.123233995736766e-17
34,2020,3,1,21.39,69.0,Trina 310W,1 x SolarEdge SE17K,-37.71828652,145.0509752,881.7935047,533,17.30524865592507,16.060849014389113,11.119970878090726,70.63317652326948,8.604086021459006,41.224567774661054,1.0,6.123233995736766e-17
35,2020,3,1,29.45,95.0,Trina 310W,1 x SolarEdge SE25K,-37.71828652,145.0509752,1585.9562652400002,685,17.30524865592507,16.060849014389113,11.119970878090726,70.63317652326948,8.604086021459006,53.85250476196945,1.0,6.123233995736766e-17
27,2020,4,1,539.8,1240.92,SunpowerSPR-E20-435-COM,5 X ABB,-37.71828652,145.0509752,35816.984400000045,1299,14.356349537062151,12.81089583330903,10.280516203808332,78.8612500000139,8.86104166666007,66.35232382363847,0.8660254037844387,-0.4999999999999998
34,2020,4,1,21.39,69.0,Trina 310W,1 x SolarEdge SE17K,-37.71828652,145.0509752,1757.4736355999992,1178,14.356349537062151,12.81089583330903,10.280516203808332,78.8612500000139,8.86104166666007,82.1633303225806,0.8660254037844387,-0.4999999999999998
35,2020,4,1,29.45,95.0,Trina 310W,1 x SolarEdge SE25K,-37.71828652,145.0509752,2348.756102,1204,14.356349537062151,12.81089583330903,10.280516203808332,78.8612500000139,8.86104166666007,79.75402723259762,0.8660254037844387,-0.4999999999999998
27,2020,5,1,539.8,1240.92,SunpowerSPR-E20-435-COM,5 X ABB,-37.71828652,145.0509752,22613.03139999992,1209,11.366527777800068,9.235241935502016,8.048667114702285,81.96590501797043,8.797827060903225,41.89149944423846,0.49999999999999994,-0.8660254037844387
34,2020,5,1,21.39,69.0,Trina 310W,1 x SolarEdge SE17K,-37.71828652,145.0509752,1471.675291000001,1079,11.366527777800068,9.235241935502016,8.048667114702285,81.96590501797043,8.797827060903225,68.8020238896681,0.49999999999999994,-0.8660254037844387
35,2020,5,1,29.45,95.0,Trina 310W,1 x SolarEdge SE25K,-37.71828652,145.0509752,1880.7985810000018,1120,11.366527777800068,9.235241935502016,8.048667114702285,81.96590501797043,8.797827060903225,63.86412838709684,0.49999999999999994,-0.8660254037844387
14,2020,6,1,66.0,200.0,Trina 330W,2 x SolarEdge SE27.6K,-37.71828652,145.0509752,1853.945663075,602,9.89404398148889,7.9922731481253475,7.576291666681251,86.95226851853819,7.139655092572222,28.09008580416667,1.2246467991473532e-16,-1.0
15,2020,6,1,94.24,304.0,Trina 310W,1 x SolarEdge SE82.8K,-37.71828652,145.0509752,4172.761154021876,983,9.89404398148889,7.9922731481253475,7.576291666681251,86.95226851853819,7.139655092572222,44.278025827906156,1.2246467991473532e-16,-1.0
17,2020,6,1,45.26,146.0,Trina 310W,1 x SolarEdge SE25K + 1 x SolarEdge SE15K,-37.71828652,145.0509752,1351.7392443915628,614,9.89404398148889,7.9922731481253475,7.576291666681251,86.95226851853819,7.139655092572222,29.866090242853797,1.2246467991473532e-16,-1.0
19,2020,6,1,34.32,104.0,Trina 330W,1 x SolarEdge SE27.6K,-37.71828652,145.0509752,839.1422733179686,73,9.89404398148889,7.9922731481253475,7.576291666681251,86.95226851853819,7.139655092572222,24.45053243933475,1.2246467991473532e-16,-1.0
20,2020,6,1,77.22,234.0,Trina 330W,2 x SolarEdge SE25K + 1 x SolarEdge SE15K,-37.71828652,145.0509752,2492.649665218125,678,9.89404398148889,7.9922731481253475,7.576291666681251,86.95226851853819,7.139655092572222,32.27984544442016,1.2246467991473532e-16,-1.0
21,2020,6,1,39.27,119.0,Trina 330W,2 x SolarEdge SE17K,-37.71828652,145.0509752,1024.5789155239063,647,9.89404398148889,7.9922731481253475,7.576291666681251,86.95226851853819,7.139655092572222,26.09062682770324,1.2246467991473532e-16,-1.0
22,2020,6,1,72.27,219.0,Trina 330W,1 x SolarEdge SE82.8K,-37.71828652,145.0509752,2099.0254300700003,675,9.89404398148889,7.9922731481253475,7.576291666681251,86.95226851853819,7.139655092572222,29.044215166320747,1.2246467991473532e-16,-1.0
24,2020,6,1,40.26,122.0,Trina 330W,1 x SolarEdge SE82.8K,-37.71828652,145.0509752,3230.3352449791255,679,9.89404398148889,7.9922731481253475,7.576291666681251,86.95226851853819,7.139655092572222,80.2368416537289,1.2246467991473532e-16,-1.0
25,2020,6,1,384.12,1164.0,Trina 330W,4 x SolarEdge SE82.8K,-37.71828652,145.0509752,721.213688862356,102,9.89404398148889,7.9922731481253475,7.576291666681251,86.95226851853819,7.139655092572222,1.877573906233354,1.2246467991473532e-16,-1.0
26,2020,6,1,38.94,118.0,Trina 330W,1 x SolarEdge SE17K + 1 x SolarEdge SE15K,-37.71828652,145.0509752,1177.0312248962503,650,9.89404398148889,7.9922731481253475,7.576291666681251,86.95226851853819,7.139655092572222,30.226790572579617,1.2246467991473532e-16,-1.0
27,2020,6,1,539.8,1240.92,SunpowerSPR-E20-435-COM,5 X ABB,-37.71828652,145.0509752,15102.71889999992,784,9.89404398148889,7.9922731481253475,7.576291666681251,86.95226851853819,7.139655092572222,27.978360318636387,1.2246467991473532e-16,-1.0
31,2020,6,1,76.23,231.0,Trina 330W,2 x SolarEdge SE25K + 1 x SolarEdge SE15K,-37.71828652,145.0509752,2695.4774148906245,678,9.89404398148889,7.9922731481253475,7.576291666681251,86.95226851853819,7.139655092572222,35.35979817513609,1.2246467991473532e-16,-1.0
32,2020,6,1,35.64,108.0,Trina 330W,2 x SolarEdge SE15K,-37.71828652,145.0509752,1014.5505033129067,639,9.89404398148889,7.9922731481253475,7.576291666681251,86.95226851853819,7.139655092572222,28.466624672079313,1.2246467991473532e-16,-1.0
33,2020,6,1,87.78,266.0,Trina 330W,1 x SolarEdge SE82.8K,-37.71828652,145.0509752,3026.2381723212497,681,9.89404398148889,7.9922731481253475,7.576291666681251,86.95226851853819,7.139655092572222,34.47525828572852,1.2246467991473532e-16,-1.0
34,2020,6,1,21.39,69.0,Trina 310W,1 x SolarEdge SE17K,-37.71828652,145.0509752,1165.8461954375025,968,9.89404398148889,7.9922731481253475,7.576291666681251,86.95226851853819,7.139655092572222,54.50426346131381,1.2246467991473532e-16,-1.0
35,2020,6,1,29.45,95.0,Trina 310W,1 x SolarEdge SE25K,-37.71828652,145.0509752,1418.9340819687486,1000,9.89404398148889,7.9922731481253475,7.576291666681251,86.95226851853819,7.139655092572222,48.181123326612855,1.2246467991473532e-16,-1.0
36,2020,6,1,49.83,151.0,Trina 330W,1 x SolarEdge SE27.6K + 1 x SolarEdge SE15K,-37.71828652,145.0509752,1381.7114421711256,659,9.89404398148889,7.9922731481253475,7.576291666681251,86.95226851853819,7.139655092572222,27.72850576301677,1.2246467991473532e-16,-1.0
37,2020,6,1,51.15,155.0,Trina 330W,1 x SolarEdge SE25K + 1 x SolarEdge SE17K,-37.71828652,145.0509752,1452.2565963731251,667,9.89404398148889,7.9922731481253475,7.576291666681251,86.95226851853819,7.139655092572222,28.392113321077716,1.2246467991473532e-16,-1.0
38,2020,6,1,56.76,172.0,Trina 330W,1 x SolarEdge SE50K,-37.71828652,145.0509752,1495.6413625816876,670,9.89404398148889,7.9922731481253475,7.576291666681251,86.95226851853819,7.139655092572222,26.350270658592102,1.2246467991473532e-16,-1.0
40,2020,6,1,84.81,257.0,Trina 330W,1 x SolarEdge SE82.8K,-37.71828652,145.0509752,2223.503729328125,676,9.89404398148889,7.9922731481253475,7.576291666681251,86.95226851853819,7.139655092572222,26.21747116293037,1.2246467991473532e-16,-1.0
14,2020,7,1,66.0,200.0,Trina 330W,2 x SolarEdge SE27.6K,-37.71828652,145.0509752,2778.56640625,887,9.28836693549664,7.441675627269489,7.4942876344213705,89.86583781363576,6.653001792084005,42.099491003787875,-0.4999999999999997,-0.8660254037844388
15,2020,7,1,94.24,304.0,Trina 310W,1 x SolarEdge SE82.8K,-37.71828652,145.0509752,3218.62890625,807,9.28836693549664,7.441675627269489,7.4942876344213705,89.86583781363576,6.653001792084005,34.15353253660866,-0.4999999999999997,-0.8660254037844388
17,2020,7,1,45.26,146.0,Trina 310W,1 x SolarEdge SE25K + 1 x SolarEdge SE15K,-37.71828652,145.0509752,1829.2391357421875,830,9.28836693549664,7.441675627269489,7.4942876344213705,89.86583781363576,6.653001792084005,40.4162425042463,-0.4999999999999997,-0.8660254037844388
18,2020,7,1,167.97,509.0,Trina 330W,3 x SolarEdge SE50K,-37.71828652,145.0509752,5671.730958938599,669,9.28836693549664,7.441675627269489,7.4942876344213705,89.86583781363576,6.653001792084005,33.766333029342135,-0.4999999999999997,-0.8660254037844388
19,2020,7,1,34.32,104.0,Trina 330W,1 x SolarEdge SE27.6K,-37.71828652,145.0509752,7404.8675537109375,748,9.28836693549664,7.441675627269489,7.4942876344213705,89.86583781363576,6.653001792084005,215.75954410579655,-0.4999999999999997,-0.8660254037844388
20,2020,7,1,77.22,234.0,Trina 330W,2 x SolarEdge SE25K + 1 x SolarEdge SE15K,-37.71828652,145.0509752,3255.602294921875,831,9.28836693549664,7.441675627269489,7.4942876344213705,89.86583781363576,6.653001792084005,42.16009187933016,-0.4999999999999997,-0.8660254037844388
21,2020,7,1,39.27,119.0,Trina 330W,2 x SolarEdge SE17K,-37.71828652,145.0509752,1344.0372314453125,818,9.28836693549664,7.441675627269489,7.4942876344213705,89.86583781363576,6.653001792084005,34.22554701923383,-0.4999999999999997,-0.8660254037844388
22,2020,7,1,72.27,219.0,Trina 330W,1 x SolarEdge SE82.8K,-37.71828652,145.0509752,2692.719482421875,867,9.28836693549664,7.441675627269489,7.4942876344213705,89.86583781363576,6.653001792084005,37.259159850863085,-0.4999999999999997,-0.8660254037844388
24,2020,7,1,40.26,122.0,Trina 330W,1 x SolarEdge SE82.8K,-37.71828652,145.0509752,4209.455322265625,897,9.28836693549664,7.441675627269489,7.4942876344213705,89.86583781363576,6.653001792084005,104.55676409005527,-0.4999999999999997,-0.8660254037844388
25,2020,7,1,384.12,1164.0,Trina 330W,4 x SolarEdge SE82.8K,-37.71828652,145.0509752,15906.423522949219,822,9.28836693549664,7.441675627269489,7.4942876344213705,89.86583781363576,6.653001792084005,41.41003728769452,-0.4999999999999997,-0.8660254037844388
26,2020,7,1,38.94,118.0,Trina 330W,1 x SolarEdge SE17K + 1 x SolarEdge SE15K,-37.71828652,145.0509752,1471.096435546875,810,9.28836693549664,7.441675627269489,7.4942876344213705,89.86583781363576,6.653001792084005,37.77854225852273,-0.4999999999999997,-0.8660254037844388
27,2020,7,1,539.8,1240.92,SunpowerSPR-E20-435-COM,5 X ABB,-37.71828652,145.0509752,21453.0,927,9.28836693549664,7.441675627269489,7.4942876344213705,89.86583781363576,6.653001792084005,39.74249722119304,-0.4999999999999997,-0.8660254037844388
31,2020,7,1,76.23,231.0,Trina 330W,2 x SolarEdge SE25K + 1 x SolarEdge SE15K,-37.71828652,145.0509752,3418.0419921875,871,9.28836693549664,7.441675627269489,7.4942876344213705,89.86583781363576,6.653001792084005,44.83854115423718,-0.4999999999999997,-0.8660254037844388
32,2020,7,1,35.64,108.0,Trina 330W,2 x SolarEdge SE15K,-37.71828652,145.0509752,1329.06396484375,819,9.28836693549664,7.441675627269489,7.4942876344213705,89.86583781363576,6.653001792084005,37.29135703826459,-0.4999999999999997,-0.8660254037844388
33,2020,7,1,87.78,266.0,Trina 330W,1 x SolarEdge SE82.8K,-37.71828652,145.0509752,3858.646240234375,871,9.28836693549664,7.441675627269489,7.4942876344213705,89.86583781363576,6.653001792084005,43.95814810018655,-0.4999999999999997,-0.8660254037844388
34,2020,7,1,21.39,69.0,Trina 310W,1 x SolarEdge SE17K,-37.71828652,145.0509752,927.85595703125,816,9.28836693549664,7.441675627269489,7.4942876344213705,89.86583781363576,6.653001792084005,43.378025106650306,-0.4999999999999997,-0.8660254037844388
35,2020,7,1,29.45,95.0,Trina 310W,1 x SolarEdge SE25K,-37.71828652,145.0509752,1135.0849609375,801,9.28836693549664,7.441675627269489,7.4942876344213705,89.86583781363576,6.653001792084005,38.54278305390493,-0.4999999999999997,-0.8660254037844388
36,2020,7,1,49.83,151.0,Trina 330W,1 x SolarEdge SE27.6K + 1 x SolarEdge SE15K,-37.71828652,145.0509752,1801.7872314453125,825,9.28836693549664,7.441675627269489,7.4942876344213705,89.86583781363576,6.653001792084005,36.15868415503336,-0.4999999999999997,-0.8660254037844388
37,2020,7,1,51.15,155.0,Trina 330W,1 x SolarEdge SE25K + 1 x SolarEdge SE17K,-37.71828652,145.0509752,1929.450439453125,875,9.28836693549664,7.441675627269489,7.4942876344213705,89.86583781363576,6.653001792084005,37.72141621609238,-0.4999999999999997,-0.8660254037844388
38,2020,7,1,56.76,172.0,Trina 330W,1 x SolarEdge SE50K,-37.71828652,145.0509752,2143.0069580078125,849,9.28836693549664,7.441675627269489,7.4942876344213705,89.86583781363576,6.653001792084005,37.75558417913694,-0.4999999999999997,-0.8660254037844388
40,2020,7,1,84.81,257.0,Trina 330W,1 x SolarEdge SE82.8K,-37.71828652,145.0509752,2820.242431640625,848,9.28836693549664,7.441675627269489,7.4942876344213705,89.86583781363576,6.653001792084005,33.25365442330651,-0.4999999999999997,-0.8660254037844388
14,2020,8,1,66.0,200.0,Trina 330W,2 x SolarEdge SE27.6K,-37.71828652,145.0509752,4794.4208984375,1087,10.160414426536962,7.5013956093037635,6.962679211476814,82.57992831543011,10.276200716826613,72.64274088541667,-0.8660254037844384,-0.5000000000000004
15,2020,8,1,94.24,304.0,Trina 310W,1 x SolarEdge SE82.8K,-37.71828652,145.0509752,6178.8095703125,1101,10.160414426536962,7.5013956093037635,6.962679211476814,82.57992831543011,10.276200716826613,65.56461768158425,-0.8660254037844384,-0.5000000000000004
17,2020,8,1,45.26,146.0,Trina 310W,1 x SolarEdge SE25K + 1 x SolarEdge SE15K,-37.71828652,145.0509752,3263.94140625,1090,10.160414426536962,7.5013956093037635,6.962679211476814,82.57992831543011,10.276200716826613,72.1153646984092,-0.8660254037844384,-0.5000000000000004
18,2020,8,1,167.97,509.0,Trina 330W,3 x SolarEdge SE50K,-37.71828652,145.0509752,13073.837890625,1145,10.160414426536962,7.5013956093037635,6.962679211476814,82.57992831543011,10.276200716826613,77.83436262799904,-0.8660254037844384,-0.5000000000000004
19,2020,8,1,34.32,104.0,Trina 330W,1 x SolarEdge SE27.6K,-37.71828652,145.0509752,15136.8515625,1153,10.160414426536962,7.5013956093037635,6.962679211476814,82.57992831543011,10.276200716826613,441.05045345279717,-0.8660254037844384,-0.5000000000000004
20,2020,8,1,77.22,234.0,Trina 330W,2 x SolarEdge SE25K + 1 x SolarEdge SE15K,-37.71828652,145.0509752,6008.80224609375,1139,10.160414426536962,7.5013956093037635,6.962679211476814,82.57992831543011,10.276200716826613,77.81406690098096,-0.8660254037844384,-0.5000000000000004
21,2020,8,1,39.27,119.0,Trina 330W,2 x SolarEdge SE17K,-37.71828652,145.0509752,2648.65234375,1081,10.160414426536962,7.5013956093037635,6.962679211476814,82.57992831543011,10.276200716826613,67.44722036541889,-0.8660254037844384,-0.5000000000000004
22,2020,8,1,72.27,219.0,Trina 330W,1 x SolarEdge SE82.8K,-37.71828652,145.0509752,4786.3212890625,1124,10.160414426536962,7.5013956093037635,6.962679211476814,82.57992831543011,10.276200716826613,66.2283283390411,-0.8660254037844384,-0.5000000000000004
23,2020,8,1,58.9,190.0,Trina 310W,1 x SolarEdge SE50K,-37.71828652,145.0509752,1599.7028121948242,408,10.160414426536962,7.5013956093037635,6.962679211476814,82.57992831543011,10.276200716826613,27.159640274954572,-0.8660254037844384,-0.5000000000000004
24,2020,8,1,40.26,122.0,Trina 330W,1 x SolarEdge SE82.8K,-37.71828652,145.0509752,6878.962890625,1130,10.160414426536962,7.5013956093037635,6.962679211476814,82.57992831543011,10.276200716826613,170.86345977707404,-0.8660254037844384,-0.5000000000000004
25,2020,8,1,384.12,1164.0,Trina 330W,4 x SolarEdge SE82.8K,-37.71828652,145.0509752,29360.314453125,1140,10.160414426536962,7.5013956093037635,6.962679211476814,82.57992831543011,10.276200716826613,76.43526620099188,-0.8660254037844384,-0.5000000000000004
26,2020,8,1,38.94,118.0,Trina 330W,1 x SolarEdge SE17K + 1 x SolarEdge SE15K,-37.71828652,145.0509752,2749.043212890625,1110,10.160414426536962,7.5013956093037635,6.962679211476814,82.57992831543011,10.276200716826613,70.5968981225122,-0.8660254037844384,-0.5000000000000004
27,2020,8,1,539.8,1240.92,SunpowerSPR-E20-435-COM,5 X ABB,-37.71828652,145.0509752,34258.15625,1101,10.160414426536962,7.5013956093037635,6.962679211476814,82.57992831543011,10.276200716826613,63.46453547610226,-0.8660254037844384,-0.5000000000000004
30,2020,8,1,42.16,136.0,Trina 310W,2 x SolarEdge SE17K,-37.71828652,145.0509752,1219.148678779602,399,10.160414426536962,7.5013956093037635,6.962679211476814,82.57992831543011,10.276200716826613,28.91718877560726,-0.8660254037844384,-0.5000000000000004
31,2020,8,1,76.23,231.0,Trina 330W,2 x SolarEdge SE25K + 1 x SolarEdge SE15K,-37.71828652,145.0509752,5373.283203125,1116,10.160414426536962,7.5013956093037635,6.962679211476814,82.57992831543011,10.276200716826613,70.48777650695264,-0.8660254037844384,-0.5000000000000004
32,2020,8,1,35.64,108.0,Trina 330W,2 x SolarEdge SE15K,-37.71828652,145.0509752,2329.4365234375,1086,10.160414426536962,7.5013956093037635,6.962679211476814,82.57992831543011,10.276200716826613,65.36017181362233,-0.8660254037844384,-0.5000000000000004
33,2020,8,1,87.78,266.0,Trina 330W,1 x SolarEdge SE82.8K,-37.71828652,145.0509752,6645.6201171875,1132,10.160414426536962,7.5013956093037635,6.962679211476814,82.57992831543011,10.276200716826613,75.70767962163933,-0.8660254037844384,-0.5000000000000004
34,2020,8,1,21.39,69.0,Trina 310W,1 x SolarEdge SE17K,-37.71828652,145.0509752,1605.2275390625,1062,10.160414426536962,7.5013956093037635,6.962679211476814,82.57992831543011,10.276200716826613,75.04570075093501,-0.8660254037844384,-0.5000000000000004
35,2020,8,1,29.45,95.0,Trina 310W,1 x SolarEdge SE25K,-37.71828652,145.0509752,2101.91015625,1082,10.160414426536962,7.5013956093037635,6.962679211476814,82.57992831543011,10.276200716826613,71.37216150254669,-0.8660254037844384,-0.5000000000000004
36,2020,8,1,49.83,151.0,Trina 330W,1 x SolarEdge SE27.6K + 1 x SolarEdge SE15K,-37.71828652,145.0509752,3480.7548828125,1116,10.160414426536962,7.5013956093037635,6.962679211476814,82.57992831543011,10.276200716826613,69.85259648429661,-0.8660254037844384,-0.5000000000000004
37,2020,8,1,51.15,155.0,Trina 330W,1 x SolarEdge SE25K + 1 x SolarEdge SE17K,-37.71828652,145.0509752,3452.55810546875,1142,10.160414426536962,7.5013956093037635,6.962679211476814,82.57992831543011,10.276200716826613,67.49869218902737,-0.8660254037844384,-0.5000000000000004
38,2020,8,1,56.76,172.0,Trina 330W,1 x SolarEdge SE50K,-37.71828652,145.0509752,4071.10009765625,1135,10.160414426536962,7.5013956093037635,6.962679211476814,82.57992831543011,10.276200716826613,71.7248079220622,-0.8660254037844384,-0.5000000000000004
39,2020,8,1,47.74,154.0,Trina 310W,1 x SolarEdge SE25K + 1 x SolarEdge SE15K,-37.71828652,145.0509752,713.7001042366028,375,10.160414426536962,7.5013956093037635,6.962679211476814,82.57992831543011,10.276200716826613,14.94972987508594,-0.8660254037844384,-0.5000000000000004
40,2020,8,1,84.81,257.0,Trina 330W,1 x SolarEdge SE82.8K,-37.71828652,145.0509752,5198.3388671875,1098,10.160414426536962,7.5013956093037635,6.962679211476814,82.57992831543011,10.276200716826613,61.29393782793892,-0.8660254037844384,-0.5000000000000004
14,2020,9,1,66.0,200.0,Trina 330W,2 x SolarEdge SE27.6K,-37.71828652,145.0509752,6279.662109375,1157,13.084627314748959,10.484087962960764,7.500131944414583,71.67196759263541,10.699770833320834,95.1463955965909,-1.0,-1.8369701987210297e-16
15,2020,9,1,94.24,304.0,Trina 310W,1 x SolarEdge SE82.8K,-37.71828652,145.0509752,7958.8779296875,1141,13.084627314748959,10.484087962960764,7.500131944414583,71.67196759263541,10.699770833320834,84.45328872758384,-1.0,-1.8369701987210297e-16
17,2020,9,1,45.26,146.0,Trina 310W,1 x SolarEdge SE25K + 1 x SolarEdge SE15K,-37.71828652,145.0509752,4223.51904296875,1147,13.084627314748959,10.484087962960764,7.500131944414583,71.67196759263541,10.699770833320834,93.31681491314075,-1.0,-1.8369701987210297e-16
18,2020,9,1,167.97,509.0,Trina 330W,3 x SolarEdge SE50K,-37.71828652,145.0509752,16931.49609375,1188,13.084627314748959,10.484087962960764,7.500131944414583,71.67196759263541,10.699770833320834,100.80071497142347,-1.0,-1.8369701987210297e-16
19,2020,9,1,34.32,104.0,Trina 330W,1 x SolarEdge SE27.6K,-37.71828652,145.0509752,19243.431640625,1169,13.084627314748959,10.484087962960764,7.500131944414583,71.67196759263541,10.699770833320834,560.7060501347611,-1.0,-1.8369701987210297e-16
20,2020,9,1,77.22,234.0,Trina 330W,2 x SolarEdge SE25K + 1 x SolarEdge SE15K,-37.71828652,145.0509752,7715.4794921875,1181,13.084627314748959,10.484087962960764,7.500131944414583,71.67196759263541,10.699770833320834,99.91555933938747,-1.0,-1.8369701987210297e-16
21,2020,9,1,39.27,119.0,Trina 330W,2 x SolarEdge SE17K,-37.71828652,145.0509752,3577.91552734375,1131,13.084627314748959,10.484087962960764,7.500131944414583,71.67196759263541,10.699770833320834,91.11065768636999,-1.0,-1.8369701987210297e-16
22,2020,9,1,72.27,219.0,Trina 330W,1 x SolarEdge SE82.8K,-37.71828652,145.0509752,6470.6845703125,1164,13.084627314748959,10.484087962960764,7.500131944414583,71.67196759263541,10.699770833320834,89.5348632947627,-1.0,-1.8369701987210297e-16
23,2020,9,1,58.9,190.0,Trina 310W,1 x SolarEdge SE50K,-37.71828652,145.0509752,5339.65380859375,1153,13.084627314748959,10.484087962960764,7.500131944414583,71.67196759263541,10.699770833320834,90.65626160600594,-1.0,-1.8369701987210297e-16
24,2020,9,1,40.26,122.0,Trina 330W,1 x SolarEdge SE82.8K,-37.71828652,145.0509752,8482.642578125,1146,13.084627314748959,10.484087962960764,7.500131944414583,71.67196759263541,10.699770833320834,210.6965369628664,-1.0,-1.8369701987210297e-16
25,2020,9,1,384.12,1164.0,Trina 330W,4 x SolarEdge SE82.8K,-37.71828652,145.0509752,37059.45703125,1185,13.084627314748959,10.484087962960764,7.500131944414583,71.67196759263541,10.699770833320834,96.47885304397063,-1.0,-1.8369701987210297e-16
26,2020,9,1,38.94,118.0,Trina 330W,1 x SolarEdge SE17K + 1 x SolarEdge SE15K,-37.71828652,145.0509752,3452.27880859375,1098,13.084627314748959,10.484087962960764,7.500131944414583,71.67196759263541,10.699770833320834,88.65636385705574,-1.0,-1.8369701987210297e-16
27,2020,9,1,539.8,1240.92,SunpowerSPR-E20-435-COM,5 X ABB,-37.71828652,145.0509752,38786.375,1023,13.084627314748959,10.484087962960764,7.500131944414583,71.67196759263541,10.699770833320834,71.85323267876993,-1.0,-1.8369701987210297e-16
30,2020,9,1,42.16,136.0,Trina 310W,2 x SolarEdge SE17K,-37.71828652,145.0509752,3687.9769287109375,1120,13.084627314748959,10.484087962960764,7.500131944414583,71.67196759263541,10.699770833320834,87.47573360320061,-1.0,-1.8369701987210297e-16
31,2020,9,1,76.23,231.0,Trina 330W,2 x SolarEdge SE25K + 1 x SolarEdge SE15K,-37.71828652,145.0509752,7073.4853515625,1135,13.084627314748959,10.484087962960764,7.500131944414583,71.67196759263541,10.699770833320834,92.79135972140233,-1.0,-1.8369701987210297e-16
32,2020,9,1,35.64,108.0,Trina 330W,2 x SolarEdge SE15K,-37.71828652,145.0509752,3004.27587890625,1131,13.084627314748959,10.484087962960764,7.500131944414583,71.67196759263541,10.699770833320834,84.29505833070286,-1.0,-1.8369701987210297e-16
33,2020,9,1,87.78,266.0,Trina 330W,1 x SolarEdge SE82.8K,-37.71828652,145.0509752,8366.376953125,1161,13.084627314748959,10.484087962960764,7.500131944414583,71.67196759263541,10.699770833320834,95.31074223200045,-1.0,-1.8369701987210297e-16
34,2020,9,1,21.39,69.0,Trina 310W,1 x SolarEdge SE17K,-37.71828652,145.0509752,1978.083984375,1093,13.084627314748959,10.484087962960764,7.500131944414583,71.67196759263541,10.699770833320834,92.47704461781206,-1.0,-1.8369701987210297e-16
35,2020,9,1,29.45,95.0,Trina 310W,1 x SolarEdge SE25K,-37.71828652,145.0509752,2682.20703125,1110,13.084627314748959,10.484087962960764,7.500131944414583,71.67196759263541,10.699770833320834,91.07663943123939,-1.0,-1.8369701987210297e-16
36,2020,9,1,49.83,151.0,Trina 330W,1 x SolarEdge SE27.6K + 1 x SolarEdge SE15K,-37.71828652,145.0509752,4579.82763671875,1142,13.084627314748959,10.484087962960764,7.500131944414583,71.67196759263541,10.699770833320834,91.90904348221453,-1.0,-1.8369701987210297e-16
37,2020,9,1,51.15,155.0,Trina 330W,1 x SolarEdge SE25K + 1 x SolarEdge SE17K,-37.71828652,145.0509752,4415.0380859375,1142,13.084627314748959,10.484087962960764,7.500131944414583,71.67196759263541,10.699770833320834,86.3155051014174,-1.0,-1.8369701987210297e-16
38,2020,9,1,56.76,172.0,Trina 330W,1 x SolarEdge SE50K,-37.71828652,145.0509752,5277.5859375,1163,13.084627314748959,10.484087962960764,7.500131944414583,71.67196759263541,10.699770833320834,92.98072476215646,-1.0,-1.8369701987210297e-16
39,2020,9,1,47.74,154.0,Trina 310W,1 x SolarEdge SE25K + 1 x SolarEdge SE15K,-37.71828652,145.0509752,3018.6737060546875,1125,13.084627314748959,10.484087962960764,7.500131944414583,71.67196759263541,10.699770833320834,63.23153971626911,-1.0,-1.8369701987210297e-16
40,2020,9,1,84.81,257.0,Trina 330W,1 x SolarEdge SE82.8K,-37.71828652,145.0509752,6789.2080078125,1160,13.084627314748959,10.484087962960764,7.500131944414583,71.67196759263541,10.699770833320834,80.05197509506544,-1.0,-1.8369701987210297e-16
14,2020,10,1,66.0,200.0,Trina 330W,2 x SolarEdge SE27.6K,-37.71828652,145.0509752,7176.017578125,1380,14.285560789555856,12.283564378599932,9.680112157892328,76.80157021083782,10.456556751890982,108.7275390625,-0.8660254037844386,0.5000000000000001
15,2020,10,1,94.24,304.0,Trina 310W,1 x SolarEdge SE82.8K,-37.71828652,145.0509752,9774.466796875,1404,14.285560789555856,12.283564378599932,9.680112157892328,76.80157021083782,10.456556751890982,103.7188751790641,-0.8660254037844386,0.5000000000000001
17,2020,10,1,45.26,146.0,Trina 310W,1 x SolarEdge SE25K + 1 x SolarEdge SE15K,-37.71828652,145.0509752,4646.5419921875,1379,14.285560789555856,12.283564378599932,9.680112157892328,76.80157021083782,10.456556751890982,102.66332284992268,-0.8660254037844386,0.5000000000000001
18,2020,10,1,167.97,509.0,Trina 330W,3 x SolarEdge SE50K,-37.71828652,145.0509752,17944.9609375,1392,14.285560789555856,12.283564378599932,9.680112157892328,76.80157021083782,10.456556751890982,106.83432123295827,-0.8660254037844386,0.5000000000000001
19,2020,10,1,34.32,104.0,Trina 330W,1 x SolarEdge SE27.6K,-37.71828652,145.0509752,21562.71484375,1422,14.285560789555856,12.283564378599932,9.680112157892328,76.80157021083782,10.456556751890982,628.2842320439977,-0.8660254037844386,0.5000000000000001
20,2020,10,1,77.22,234.0,Trina 330W,2 x SolarEdge SE25K + 1 x SolarEdge SE15K,-37.71828652,145.0509752,8266.451171875,1400,14.285560789555856,12.283564378599932,9.680112157892328,76.80157021083782,10.456556751890982,107.05064972643098,-0.8660254037844386,0.5000000000000001
21,2020,10,1,39.27,119.0,Trina 330W,2 x SolarEdge SE17K,-37.71828652,145.0509752,4076.623046875,1344,14.285560789555856,12.283564378599932,9.680112157892328,76.80157021083782,10.456556751890982,103.81011069200406,-0.8660254037844386,0.5000000000000001
22,2020,10,1,72.27,219.0,Trina 330W,1 x SolarEdge SE82.8K,-37.71828652,145.0509752,7428.478515625,1384,14.285560789555856,12.283564378599932,9.680112157892328,76.80157021083782,10.456556751890982,102.78785824858171,-0.8660254037844386,0.5000000000000001
23,2020,10,1,58.9,190.0,Trina 310W,1 x SolarEdge SE50K,-37.71828652,145.0509752,5847.12109375,1358,14.285560789555856,12.283564378599932,9.680112157892328,76.80157021083782,10.456556751890982,99.27200498726656,-0.8660254037844386,0.5000000000000001
24,2020,10,1,40.26,122.0,Trina 330W,1 x SolarEdge SE82.8K,-37.71828652,145.0509752,8990.017578125,1393,14.285560789555856,12.283564378599932,9.680112157892328,76.80157021083782,10.456556751890982,223.29899597925981,-0.8660254037844386,0.5000000000000001
25,2020,10,1,384.12,1164.0,Trina 330W,4 x SolarEdge SE82.8K,-37.71828652,145.0509752,40609.7421875,1407,14.285560789555856,12.283564378599932,9.680112157892328,76.80157021083782,10.456556751890982,105.7214989781839,-0.8660254037844386,0.5000000000000001
26,2020,10,1,38.94,118.0,Trina 330W,1 x SolarEdge SE17K + 1 x SolarEdge SE15K,-37.71828652,145.0509752,4124.443359375,1361,14.285560789555856,12.283564378599932,9.680112157892328,76.80157021083782,10.456556751890982,105.91790856124808,-0.8660254037844386,0.5000000000000001
27,2020,10,1,539.8,1240.92,SunpowerSPR-E20-435-COM,5 X ABB,-37.71828652,145.0509752,50950.75,1422,14.285560789555856,12.283564378599932,9.680112157892328,76.80157021083782,10.456556751890982,94.38819933308633,-0.8660254037844386,0.5000000000000001
30,2020,10,1,42.16,136.0,Trina 310W,2 x SolarEdge SE17K,-37.71828652,145.0509752,3841.3134765625,1318,14.285560789555856,12.283564378599932,9.680112157892328,76.80157021083782,10.456556751890982,91.11274849531547,-0.8660254037844386,0.5000000000000001
31,2020,10,1,76.23,231.0,Trina 330W,2 x SolarEdge SE25K + 1 x SolarEdge SE15K,-37.71828652,145.0509752,7806.1015625,1383,14.285560789555856,12.283564378599932,9.680112157892328,76.80157021083782,10.456556751890982,102.40196199003017,-0.8660254037844386,0.5000000000000001
32,2020,10,1,35.64,108.0,Trina 330W,2 x SolarEdge SE15K,-37.71828652,145.0509752,3373.5546875,1348,14.285560789555856,12.283564378599932,9.680112157892328,76.80157021083782,10.456556751890982,94.65641659652076,-0.8660254037844386,0.5000000000000001
33,2020,10,1,87.78,266.0,Trina 330W,1 x SolarEdge SE82.8K,-37.71828652,145.0509752,8952.08984375,1369,14.285560789555856,12.283564378599932,9.680112157892328,76.80157021083782,10.456556751890982,101.98325180849852,-0.8660254037844386,0.5000000000000001
34,2020,10,1,21.39,69.0,Trina 310W,1 x SolarEdge SE17K,-37.71828652,145.0509752,2002.8408203125,1253,14.285560789555856,12.283564378599932,9.680112157892328,76.80157021083782,10.456556751890982,93.63444695243103,-0.8660254037844386,0.5000000000000001
35,2020,10,1,29.45,95.0,Trina 310W,1 x SolarEdge SE25K,-37.71828652,145.0509752,2816.9052734375,1285,14.285560789555856,12.283564378599932,9.680112157892328,76.80157021083782,10.456556751890982,95.65043373302207,-0.8660254037844386,0.5000000000000001
36,2020,10,1,49.83,151.0,Trina 330W,1 x SolarEdge SE27.6K + 1 x SolarEdge SE15K,-37.71828652,145.0509752,5135.1337890625,1381,14.285560789555856,12.283564378599932,9.680112157892328,76.80157021083782,10.456556751890982,103.0530561722356,-0.8660254037844386,0.5000000000000001
37,2020,10,1,51.15,155.0,Trina 330W,1 x SolarEdge SE25K + 1 x SolarEdge SE17K,-37.71828652,145.0509752,5122.3056640625,1399,14.285560789555856,12.283564378599932,9.680112157892328,76.80157021083782,10.456556751890982,100.14282823191594,-0.8660254037844386,0.5000000000000001
38,2020,10,1,56.76,172.0,Trina 330W,1 x SolarEdge SE50K,-37.71828652,145.0509752,5709.9189453125,1377,14.285560789555856,12.283564378599932,9.680112157892328,76.80157021083782,10.456556751890982,100.59758536491367,-0.8660254037844386,0.5000000000000001
39,2020,10,1,47.74,154.0,Trina 310W,1 x SolarEdge SE25K + 1 x SolarEdge SE15K,-37.71828652,145.0509752,3246.53125,1333,14.285560789555856,12.283564378599932,9.680112157892328,76.80157021083782,10.456556751890982,68.0044250104734,-0.8660254037844386,0.5000000000000001
40,2020,10,1,84.81,257.0,Trina 330W,1 x SolarEdge SE82.8K,-37.71828652,145.0509752,7771.228515625,1356,14.285560789555856,12.283564378599932,9.680112157892328,76.80157021083782,10.456556751890982,91.6310401559368,-0.8660254037844386,0.5000000000000001
14,2020,11,1,66.0,200.0,Trina 330W,2 x SolarEdge SE27.6K,-37.71828652,145.0509752,8272.033203125,1436,18.517696759296875,16.971877314795485,10.915030092634028,66.42456018511805,10.004532407381596,125.33383641098484,-0.5000000000000004,0.8660254037844384
15,2020,11,1,94.24,304.0,Trina 310W,1 x SolarEdge SE82.8K,-37.71828652,145.0509752,11484.9453125,1449,18.517696759296875,16.971877314795485,10.915030092634028,66.42456018511805,10.004532407381596,121.86911409698642,-0.5000000000000004,0.8660254037844384
17,2020,11,1,45.26,146.0,Trina 310W,1 x SolarEdge SE25K + 1 x SolarEdge SE15K,-37.71828652,145.0509752,5321.1328125,1398,18.517696759296875,16.971877314795485,10.915030092634028,66.42456018511805,10.004532407381596,117.56811340035352,-0.5000000000000004,0.8660254037844384
18,2020,11,1,167.97,509.0,Trina 330W,3 x SolarEdge SE50K,-37.71828652,145.0509752,20509.46875,1436,18.517696759296875,16.971877314795485,10.915030092634028,66.42456018511805,10.004532407381596,122.10197505506936,-0.5000000000000004,0.8660254037844384
19,2020,11,1,34.32,104.0,Trina 330W,1 x SolarEdge SE27.6K,-37.71828652,145.0509752,24716.8515625,1449,18.517696759296875,16.971877314795485,10.915030092634028,66.42456018511805,10.004532407381596,720.1879825903263,-0.5000000000000004,0.8660254037844384
20,2020,11,1,77.22,234.0,Trina 330W,2 x SolarEdge SE25K + 1 x SolarEdge SE15K,-37.71828652,145.0509752,9177.609375,1406,18.517696759296875,16.971877314795485,10.915030092634028,66.42456018511805,10.004532407381596,118.85016025641026,-0.5000000000000004,0.8660254037844384
21,2020,11,1,39.27,119.0,Trina 330W,2 x SolarEdge SE17K,-37.71828652,145.0509752,4414.9111328125,1346,18.517696759296875,16.971877314795485,10.915030092634028,66.42456018511805,10.004532407381596,112.42452591832186,-0.5000000000000004,0.8660254037844384
22,2020,11,1,72.27,219.0,Trina 330W,1 x SolarEdge SE82.8K,-37.71828652,145.0509752,8411.517578125,1392,18.517696759296875,16.971877314795485,10.915030092634028,66.42456018511805,10.004532407381596,116.39016989241733,-0.5000000000000004,0.8660254037844384
23,2020,11,1,58.9,190.0,Trina 310W,1 x SolarEdge SE50K,-37.71828652,145.0509752,6935.3310546875,1410,18.517696759296875,16.971877314795485,10.915030092634028,66.42456018511805,10.004532407381596,117.74755610674873,-0.5000000000000004,0.8660254037844384
24,2020,11,1,40.26,122.0,Trina 330W,1 x SolarEdge SE82.8K,-37.71828652,145.0509752,10205.4140625,1427,18.517696759296875,16.971877314795485,10.915030092634028,66.42456018511805,10.004532407381596,253.4876816318927,-0.5000000000000004,0.8660254037844384
25,2020,11,1,384.12,1164.0,Trina 330W,4 x SolarEdge SE82.8K,-37.71828652,145.0509752,48478.265625,1494,18.517696759296875,16.971877314795485,10.915030092634028,66.42456018511805,10.004532407381596,126.20604400968448,-0.5000000000000004,0.8660254037844384
26,2020,11,1,38.94,118.0,Trina 330W,1 x SolarEdge SE17K + 1 x SolarEdge SE15K,-37.71828652,145.0509752,4490.95703125,1357,18.517696759296875,16.971877314795485,10.915030092634028,66.42456018511805,10.004532407381596,115.33017543014896,-0.5000000000000004,0.8660254037844384
27,2020,11,1,539.8,1240.92,SunpowerSPR-E20-435-COM,5 X ABB,-37.71828652,145.0509752,55111.8125,1382,18.517696759296875,16.971877314795485,10.915030092634028,66.42456018511805,10.004532407381596,102.09672563912561,-0.5000000000000004,0.8660254037844384
30,2020,11,1,42.16,136.0,Trina 310W,2 x SolarEdge SE17K,-37.71828652,145.0509752,4492.099609375,1393,18.517696759296875,16.971877314795485,10.915030092634028,66.42456018511805,10.004532407381596,106.54885221477704,-0.5000000000000004,0.8660254037844384
31,2020,11,1,76.23,231.0,Trina 330W,2 x SolarEdge SE25K + 1 x SolarEdge SE15K,-37.71828652,145.0509752,8774.943359375,1430,18.517696759296875,16.971877314795485,10.915030092634028,66.42456018511805,10.004532407381596,115.11141754394595,-0.5000000000000004,0.8660254037844384
32,2020,11,1,35.64,108.0,Trina 330W,2 x SolarEdge SE15K,-37.71828652,145.0509752,3828.869140625,1374,18.517696759296875,16.971877314795485,10.915030092634028,66.42456018511805,10.004532407381596,107.43179406916386,-0.5000000000000004,0.8660254037844384
33,2020,11,1,87.78,266.0,Trina 330W,1 x SolarEdge SE82.8K,-37.71828652,145.0509752,9991.75,1425,18.517696759296875,16.971877314795485,10.915030092634028,66.42456018511805,10.004532407381596,113.82718159033948,-0.5000000000000004,0.8660254037844384
34,2020,11,1,21.39,69.0,Trina 310W,1 x SolarEdge SE17K,-37.71828652,145.0509752,2195.20703125,1246,18.517696759296875,16.971877314795485,10.915030092634028,66.42456018511805,10.004532407381596,102.62772469611969,-0.5000000000000004,0.8660254037844384
35,2020,11,1,29.45,95.0,Trina 310W,1 x SolarEdge SE25K,-37.71828652,145.0509752,3420.658203125,1367,18.517696759296875,16.971877314795485,10.915030092634028,66.42456018511805,10.004532407381596,116.15138210950764,-0.5000000000000004,0.8660254037844384
36,2020,11,1,49.83,151.0,Trina 330W,1 x SolarEdge SE27.6K + 1 x SolarEdge SE15K,-37.71828652,145.0509752,5676.978515625,1391,18.517696759296875,16.971877314795485,10.915030092634028,66.42456018511805,10.004532407381596,113.92692184677905,-0.5000000000000004,0.8660254037844384
37,2020,11,1,51.15,155.0,Trina 330W,1 x SolarEdge SE25K + 1 x SolarEdge SE17K,-37.71828652,145.0509752,5776.9140625,1409,18.517696759296875,16.971877314795485,10.915030092634028,66.42456018511805,10.004532407381596,112.9406463831867,-0.5000000000000004,0.8660254037844384
38,2020,11,1,56.76,172.0,Trina 330W,1 x SolarEdge SE50K,-37.71828652,145.0509752,6286.3125,1369,18.517696759296875,16.971877314795485,10.915030092634028,66.42456018511805,10.004532407381596,110.75251057082453,-0.5000000000000004,0.8660254037844384
39,2020,11,1,47.74,154.0,Trina 310W,1 x SolarEdge SE25K + 1 x SolarEdge SE15K,-37.71828652,145.0509752,3876.55615234375,1372,18.517696759296875,16.971877314795485,10.915030092634028,66.42456018511805,10.004532407381596,81.20142757318287,-0.5000000000000004,0.8660254037844384
40,2020,11,1,84.81,257.0,Trina 330W,1 x SolarEdge SE82.8K,-37.71828652,145.0509752,8993.0625,1405,18.517696759296875,16.971877314795485,10.915030092634028,66.42456018511805,10.004532407381596,106.03776087725504,-0.5000000000000004,0.8660254037844384
14,2020,12,1,66.0,200.0,Trina 330W,2 x SolarEdge SE27.6K,-37.71828652,145.0509752,8568.34765625,1506,17.59607230893755,15.725921665325801,10.204186524220624,66.17150095864831,20.025397163177125,129.82344933712122,-2.4492935982947064e-16,1.0
15,2020,12,1,94.24,304.0,Trina 310W,1 x SolarEdge SE82.8K,-37.71828652,145.0509752,11838.3515625,1507,17.59607230893755,15.725921665325801,10.204186524220624,66.17150095864831,20.025397163177125,125.61918041702037,-2.4492935982947064e-16,1.0
16,2020,12,1,30.0,115.38,TBD,SMA,-37.71828652,145.0509752,1418.43505859375,942,17.59607230893755,15.725921665325801,10.204186524220624,66.17150095864831,20.025397163177125,47.281168619791664,-2.4492935982947064e-16,1.0
17,2020,12,1,45.26,146.0,Trina 310W,1 x SolarEdge SE25K + 1 x SolarEdge SE15K,-37.71828652,145.0509752,5664.45703125,1481,17.59607230893755,15.725921665325801,10.204186524220624,66.17150095864831,20.025397163177125,125.15371257733098,-2.4492935982947064e-16,1.0
18,2020,12,1,167.97,509.0,Trina 330W,3 x SolarEdge SE50K,-37.71828652,145.0509752,21365.34375,1507,17.59607230893755,15.725921665325801,10.204186524220624,66.17150095864831,20.025397163177125,127.19737899624933,-2.4492935982947064e-16,1.0
19,2020,12,1,34.32,104.0,Trina 330W,1 x SolarEdge SE27.6K,-37.71828652,145.0509752,25567.6171875,1510,17.59607230893755,15.725921665325801,10.204186524220624,66.17150095864831,20.025397163177125,744.977190777972,-2.4492935982947064e-16,1.0
20,2020,12,1,77.22,234.0,Trina 330W,2 x SolarEdge SE25K + 1 x SolarEdge SE15K,-37.71828652,145.0509752,9730.03125,1484,17.59607230893755,15.725921665325801,10.204186524220624,66.17150095864831,20.025397163177125,126.00403069153069,-2.4492935982947064e-16,1.0
21,2020,12,1,39.27,119.0,Trina 330W,2 x SolarEdge SE17K,-37.71828652,145.0509752,4616.44140625,1431,17.59607230893755,15.725921665325801,10.204186524220624,66.17150095864831,20.025397163177125,117.55644018971223,-2.4492935982947064e-16,1.0
22,2020,12,1,72.27,219.0,Trina 330W,1 x SolarEdge SE82.8K,-37.71828652,145.0509752,8576.77734375,1458,17.59607230893755,15.725921665325801,10.204186524220624,66.17150095864831,20.025397163177125,118.67686929223746,-2.4492935982947064e-16,1.0
23,2020,12,1,58.9,190.0,Trina 310W,1 x SolarEdge SE50K,-37.71828652,145.0509752,7201.17578125,1479,17.59607230893755,15.725921665325801,10.204186524220624,66.17150095864831,20.025397163177125,122.26104891765705,-2.4492935982947064e-16,1.0
24,2020,12,1,40.26,122.0,Trina 330W,1 x SolarEdge SE82.8K,-37.71828652,145.0509752,10743.203125,1502,17.59607230893755,15.725921665325801,10.204186524220624,66.17150095864831,20.025397163177125,266.8455818430204,-2.4492935982947064e-16,1.0
25,2020,12,1,384.12,1164.0,Trina 330W,4 x SolarEdge SE82.8K,-37.71828652,145.0509752,49386.921875,1539,17.59607230893755,15.725921665325801,10.204186524220624,66.17150095864831,20.025397163177125,128.57159709205456,-2.4492935982947064e-16,1.0
26,2020,12,1,38.94,118.0,Trina 330W,1 x SolarEdge SE17K + 1 x SolarEdge SE15K,-37.71828652,145.0509752,4648.501953125,1418,17.59607230893755,15.725921665325801,10.204186524220624,66.17150095864831,20.025397163177125,119.3760131773241,-2.4492935982947064e-16,1.0
27,2020,12,1,539.8,1240.92,SunpowerSPR-E20-435-COM,5 X ABB,-37.71828652,145.0509752,57987.25,1464,17.59607230893755,15.725921665325801,10.204186524220624,66.17150095864831,20.025397163177125,107.42358280844758,-2.4492935982947064e-16,1.0
30,2020,12,1,42.16,136.0,Trina 310W,2 x SolarEdge SE17K,-37.71828652,145.0509752,4725.3349609375,1465,17.59607230893755,15.725921665325801,10.204186524220624,66.17150095864831,20.025397163177125,112.08100002223672,-2.4492935982947064e-16,1.0
31,2020,12,1,76.23,231.0,Trina 330W,2 x SolarEdge SE25K + 1 x SolarEdge SE15K,-37.71828652,145.0509752,9146.4296875,1494,17.59607230893755,15.725921665325801,10.204186524220624,66.17150095864831,20.025397163177125,119.98464761248852,-2.4492935982947064e-16,1.0
32,2020,12,1,35.64,108.0,Trina 330W,2 x SolarEdge SE15K,-37.71828652,145.0509752,3969.400390625,1445,17.59607230893755,15.725921665325801,10.204186524220624,66.17150095864831,20.025397163177125,111.37487066849046,-2.4492935982947064e-16,1.0
33,2020,12,1,87.78,266.0,Trina 330W,1 x SolarEdge SE82.8K,-37.71828652,145.0509752,10341.33984375,1487,17.59607230893755,15.725921665325801,10.204186524220624,66.17150095864831,20.025397163177125,117.80974987183869,-2.4492935982947064e-16,1.0
34,2020,12,1,21.39,69.0,Trina 310W,1 x SolarEdge SE17K,-37.71828652,145.0509752,2429.69140625,1369,17.59607230893755,15.725921665325801,10.204186524220624,66.17150095864831,20.025397163177125,113.59006106825619,-2.4492935982947064e-16,1.0
35,2020,12,1,29.45,95.0,Trina 310W,1 x SolarEdge SE25K,-37.71828652,145.0509752,3803.685546875,1476,17.59607230893755,15.725921665325801,10.204186524220624,66.17150095864831,20.025397163177125,129.15740396859084,-2.4492935982947064e-16,1.0
36,2020,12,1,49.83,151.0,Trina 330W,1 x SolarEdge SE27.6K + 1 x SolarEdge SE15K,-37.71828652,145.0509752,5774.50390625,1450,17.59607230893755,15.725921665325801,10.204186524220624,66.17150095864831,20.025397163177125,115.88408401063617,-2.4492935982947064e-16,1.0
37,2020,12,1,51.15,155.0,Trina 330W,1 x SolarEdge SE25K + 1 x SolarEdge SE17K,-37.71828652,145.0509752,6049.767578125,1477,17.59607230893755,15.725921665325801,10.204186524220624,66.17150095864831,20.025397163177125,118.27502596529814,-2.4492935982947064e-16,1.0
38,2020,12,1,56.76,172.0,Trina 330W,1 x SolarEdge SE50K,-37.71828652,145.0509752,6527.435546875,1434,17.59607230893755,15.725921665325801,10.204186524220624,66.17150095864831,20.025397163177125,115.00062626629669,-2.4492935982947064e-16,1.0
39,2020,12,1,47.74,154.0,Trina 310W,1 x SolarEdge SE25K + 1 x SolarEdge SE15K,-37.71828652,145.0509752,4033.9150390625,1448,17.59607230893755,15.725921665325801,10.204186524220624,66.17150095864831,20.025397163177125,84.49759193679304,-2.4492935982947064e-16,1.0
40,2020,12,1,84.81,257.0,Trina 330W,1 x SolarEdge SE82.8K,-37.71828652,145.0509752,9375.15625,1472,17.59607230893755,15.725921665325801,10.204186524220624,66.17150095864831,20.025397163177125,110.54305211649569,-2.4492935982947064e-16,1.0
14,2021,1,1,66.0,200.0,Trina 330W,2 x SolarEdge SE27.6K,-37.71828652,145.0509752,8303.37890625,1492,19.910656361996978,18.742244623708668,12.565313620069894,68.06774193553092,16.33155913982157,125.80877130681819,0.49999999999999994,0.8660254037844387
15,2021,1,1,94.24,304.0,Trina 310W,1 x SolarEdge SE82.8K,-37.71828652,145.0509752,11929.5546875,1512,19.910656361996978,18.742244623708668,12.565313620069894,68.06774193553092,16.33155913982157,126.58695551252123,0.49999999999999994,0.8660254037844387
16,2021,1,1,30.0,115.38,TBD,SMA,-37.71828652,145.0509752,1827.103515625,1297,19.910656361996978,18.742244623708668,12.565313620069894,68.06774193553092,16.33155913982157,60.90345052083333,0.49999999999999994,0.8660254037844387
17,2021,1,1,45.26,146.0,Trina 310W,1 x SolarEdge SE25K + 1 x SolarEdge SE15K,-37.71828652,145.0509752,5571.419921875,1475,19.910656361996978,18.742244623708668,12.565313620069894,68.06774193553092,16.33155913982157,123.09809814129474,0.49999999999999994,0.8660254037844387
18,2021,1,1,167.97,509.0,Trina 330W,3 x SolarEdge SE50K,-37.71828652,145.0509752,21547.3046875,1518,19.910656361996978,18.742244623708668,12.565313620069894,68.06774193553092,16.33155913982157,128.28067326010597,0.49999999999999994,0.8660254037844387
19,2021,1,1,34.32,104.0,Trina 330W,1 x SolarEdge SE27.6K,-37.71828652,145.0509752,25922.65625,1524,19.910656361996978,18.742244623708668,12.565313620069894,68.06774193553092,16.33155913982157,755.3221518065268,0.49999999999999994,0.8660254037844387
20,2021,1,1,77.22,234.0,Trina 330W,2 x SolarEdge SE25K + 1 x SolarEdge SE15K,-37.71828652,145.0509752,9718.609375,1495,19.910656361996978,18.742244623708668,12.565313620069894,68.06774193553092,16.33155913982157,125.85611726236726,0.49999999999999994,0.8660254037844387
21,2021,1,1,39.27,119.0,Trina 330W,2 x SolarEdge SE17K,-37.71828652,145.0509752,4663.861328125,1432,19.910656361996978,18.742244623708668,12.565313620069894,68.06774193553092,16.33155913982157,118.76397576075884,0.49999999999999994,0.8660254037844387
22,2021,1,1,72.27,219.0,Trina 330W,1 x SolarEdge SE82.8K,-37.71828652,145.0509752,8743.34375,1477,19.910656361996978,18.742244623708668,12.565313620069894,68.06774193553092,16.33155913982157,120.98164867856649,0.49999999999999994,0.8660254037844387
23,2021,1,1,58.9,190.0,Trina 310W,1 x SolarEdge SE50K,-37.71828652,145.0509752,6892.876953125,1458,19.910656361996978,18.742244623708668,12.565313620069894,68.06774193553092,16.33155913982157,117.02677339770798,0.49999999999999994,0.8660254037844387
24,2021,1,1,40.26,122.0,Trina 330W,1 x SolarEdge SE82.8K,-37.71828652,145.0509752,10672.0,1506,19.910656361996978,18.742244623708668,12.565313620069894,68.06774193553092,16.33155913982157,265.07699950322905,0.49999999999999994,0.8660254037844387
25,2021,1,1,384.12,1164.0,Trina 330W,4 x SolarEdge SE82.8K,-37.71828652,145.0509752,48706.3125,1531,19.910656361996978,18.742244623708668,12.565313620069894,68.06774193553092,16.33155913982157,126.7997305529522,0.49999999999999994,0.8660254037844387
26,2021,1,1,38.94,118.0,Trina 330W,1 x SolarEdge SE17K + 1 x SolarEdge SE15K,-37.71828652,145.0509752,4664.345703125,1408,19.910656361996978,18.742244623708668,12.565313620069894,68.06774193553092,16.33155913982157,119.78288914034412,0.49999999999999994,0.8660254037844387
27,2021,1,1,539.8,1240.92,SunpowerSPR-E20-435-COM,5 X ABB,-37.71828652,145.0509752,50114.0,1363,19.910656361996978,18.742244623708668,12.565313620069894,68.06774193553092,16.33155913982157,92.83808818080772,0.49999999999999994,0.8660254037844387
30,2021,1,1,42.16,136.0,Trina 310W,2 x SolarEdge SE17K,-37.71828652,145.0509752,4486.33984375,1422,19.910656361996978,18.742244623708668,12.565313620069894,68.06774193553092,16.33155913982157,106.41223538306453,0.49999999999999994,0.8660254037844387
31,2021,1,1,76.23,231.0,Trina 330W,2 x SolarEdge SE25K + 1 x SolarEdge SE15K,-37.71828652,145.0509752,9007.21875,1497,19.910656361996978,18.742244623708668,12.565313620069894,68.06774193553092,16.33155913982157,118.15845139708776,0.49999999999999994,0.8660254037844387
32,2021,1,1,35.64,108.0,Trina 330W,2 x SolarEdge SE15K,-37.71828652,145.0509752,4000.025390625,1448,19.910656361996978,18.742244623708668,12.565313620069894,68.06774193553092,16.33155913982157,112.23415798611111,0.49999999999999994,0.8660254037844387
33,2021,1,1,87.78,266.0,Trina 330W,1 x SolarEdge SE82.8K,-37.71828652,145.0509752,10501.7578125,1502,19.910656361996978,18.742244623708668,12.565313620069894,68.06774193553092,16.33155913982157,119.63725008544087,0.49999999999999994,0.8660254037844387
34,2021,1,1,21.39,69.0,Trina 310W,1 x SolarEdge SE17K,-37.71828652,145.0509752,2295.91796875,1325,19.910656361996978,18.742244623708668,12.565313620069894,68.06774193553092,16.33155913982157,107.33604341982235,0.49999999999999994,0.8660254037844387
35,2021,1,1,29.45,95.0,Trina 310W,1 x SolarEdge SE25K,-37.71828652,145.0509752,3570.47265625,1427,19.910656361996978,18.742244623708668,12.565313620069894,68.06774193553092,16.33155913982157,121.23846031409168,0.49999999999999994,0.8660254037844387
36,2021,1,1,49.83,151.0,Trina 330W,1 x SolarEdge SE27.6K + 1 x SolarEdge SE15K,-37.71828652,145.0509752,5945.8046875,1454,19.910656361996978,18.742244623708668,12.565313620069894,68.06774193553092,16.33155913982157,119.3217878286173,0.49999999999999994,0.8660254037844387
37,2021,1,1,51.15,155.0,Trina 330W,1 x SolarEdge SE25K + 1 x SolarEdge SE17K,-37.71828652,145.0509752,5906.4296875,1466,19.910656361996978,18.742244623708668,12.565313620069894,68.06774193553092,16.33155913982157,115.47272116324535,0.49999999999999994,0.8660254037844387
38,2021,1,1,56.76,172.0,Trina 330W,1 x SolarEdge SE50K,-37.71828652,145.0509752,6489.1875,1446,19.910656361996978,18.742244623708668,12.565313620069894,68.06774193553092,16.33155913982157,114.32677061310783,0.49999999999999994,0.8660254037844387
39,2021,1,1,47.74,154.0,Trina 310W,1 x SolarEdge SE25K + 1 x SolarEdge SE15K,-37.71828652,145.0509752,3858.349609375,1404,19.910656361996978,18.742244623708668,12.565313620069894,68.06774193553092,16.33155913982157,80.82005884740259,0.49999999999999994,0.8660254037844387
40,2021,1,1,84.81,257.0,Trina 330W,1 x SolarEdge SE82.8K,-37.71828652,145.0509752,9199.7265625,1485,19.910656361996978,18.742244623708668,12.565313620069894,68.06774193553092,16.33155913982157,108.47454972880556,0.49999999999999994,0.8660254037844387
14,2021,2,1,66.0,200.0,Trina 330W,2 x SolarEdge SE27.6K,-37.71828652,145.0509752,7622.79296875,1306,19.232152777756696,18.13072420633445,11.982023809521205,66.55406746034225,9.300944940427827,115.49686316287878,0.8660254037844386,0.5000000000000001
15,2021,2,1,94.24,304.0,Trina 310W,1 x SolarEdge SE82.8K,-37.71828652,145.0509752,10717.5703125,1319,19.232152777756696,18.13072420633445,11.982023809521205,66.55406746034225,9.300944940427827,113.72634032788625,0.8660254037844386,0.5000000000000001
16,2021,2,1,30.0,115.38,TBD,SMA,-37.71828652,145.0509752,1716.1904296875,1156,19.232152777756696,18.13072420633445,11.982023809521205,66.55406746034225,9.300944940427827,57.20634765625,0.8660254037844386,0.5000000000000001
17,2021,2,1,45.26,146.0,Trina 310W,1 x SolarEdge SE25K + 1 x SolarEdge SE15K,-37.71828652,145.0509752,4902.5390625,1272,19.232152777756696,18.13072420633445,11.982023809521205,66.55406746034225,9.300944940427827,108.31946669244367,0.8660254037844386,0.5000000000000001
18,2021,2,1,167.97,509.0,Trina 330W,3 x SolarEdge SE50K,-37.71828652,145.0509752,19179.546875,1303,19.232152777756696,18.13072420633445,11.982023809521205,66.55406746034225,9.300944940427827,114.18435955825446,0.8660254037844386,0.5000000000000001
19,2021,2,1,34.32,104.0,Trina 330W,1 x SolarEdge SE27.6K,-37.71828652,145.0509752,23165.75,1317,19.232152777756696,18.13072420633445,11.982023809521205,66.55406746034225,9.300944940427827,674.9927156177156,0.8660254037844386,0.5000000000000001
20,2021,2,1,77.22,234.0,Trina 330W,2 x SolarEdge SE25K + 1 x SolarEdge SE15K,-37.71828652,145.0509752,8566.984375,1279,19.232152777756696,18.13072420633445,11.982023809521205,66.55406746034225,9.300944940427827,110.9425585988086,0.8660254037844386,0.5000000000000001
21,2021,2,1,39.27,119.0,Trina 330W,2 x SolarEdge SE17K,-37.71828652,145.0509752,4334.2265625,1265,19.232152777756696,18.13072420633445,11.982023809521205,66.55406746034225,9.300944940427827,110.36991501145911,0.8660254037844386,0.5000000000000001
22,2021,2,1,72.27,219.0,Trina 330W,1 x SolarEdge SE82.8K,-37.71828652,145.0509752,8051.3828125,1297,19.232152777756696,18.13072420633445,11.982023809521205,66.55406746034225,9.300944940427827,111.40698509063236,0.8660254037844386,0.5000000000000001
23,2021,2,1,58.9,190.0,Trina 310W,1 x SolarEdge SE50K,-37.71828652,145.0509752,6372.7890625,1286,19.232152777756696,18.13072420633445,11.982023809521205,66.55406746034225,9.300944940427827,108.19675827674024,0.8660254037844386,0.5000000000000001
24,2021,2,1,40.26,122.0,Trina 330W,1 x SolarEdge SE82.8K,-37.71828652,145.0509752,9491.734375,1286,19.232152777756696,18.13072420633445,11.982023809521205,66.55406746034225,9.300944940427827,235.76091343765526,0.8660254037844386,0.5000000000000001
25,2021,2,1,384.12,1164.0,Trina 330W,4 x SolarEdge SE82.8K,-37.71828652,145.0509752,42976.21875,1314,19.232152777756696,18.13072420633445,11.982023809521205,66.55406746034225,9.300944940427827,111.8822731177757,0.8660254037844386,0.5000000000000001
26,2021,2,1,38.94,118.0,Trina 330W,1 x SolarEdge SE17K + 1 x SolarEdge SE15K,-37.71828652,145.0509752,4318.32421875,1259,19.232152777756696,18.13072420633445,11.982023809521205,66.55406746034225,9.300944940427827,110.89687259244992,0.8660254037844386,0.5000000000000001
27,2021,2,1,539.8,1240.92,SunpowerSPR-E20-435-COM,5 X ABB,-37.71828652,145.0509752,54958.5,1325,19.232152777756696,18.13072420633445,11.982023809521205,66.55406746034225,9.300944940427827,101.81270841052242,0.8660254037844386,0.5000000000000001
30,2021,2,1,42.16,136.0,Trina 310W,2 x SolarEdge SE17K,-37.71828652,145.0509752,4182.59375,1254,19.232152777756696,18.13072420633445,11.982023809521205,66.55406746034225,9.300944940427827,99.20763164136623,0.8660254037844386,0.5000000000000001
31,2021,2,1,76.23,231.0,Trina 330W,2 x SolarEdge SE25K + 1 x SolarEdge SE15K,-37.71828652,145.0509752,8062.9296875,1285,19.232152777756696,18.13072420633445,11.982023809521205,66.55406746034225,9.300944940427827,105.7710833989243,0.8660254037844386,0.5000000000000001
32,2021,2,1,35.64,108.0,Trina 330W,2 x SolarEdge SE15K,-37.71828652,145.0509752,3574.076171875,1252,19.232152777756696,18.13072420633445,11.982023809521205,66.55406746034225,9.300944940427827,100.28272087191358,0.8660254037844386,0.5000000000000001
33,2021,2,1,87.78,266.0,Trina 330W,1 x SolarEdge SE82.8K,-37.71828652,145.0509752,9309.7421875,1291,19.232152777756696,18.13072420633445,11.982023809521205,66.55406746034225,9.300944940427827,106.05766903053087,0.8660254037844386,0.5000000000000001
34,2021,2,1,21.39,69.0,Trina 310W,1 x SolarEdge SE17K,-37.71828652,145.0509752,2083.9765625,1165,19.232152777756696,18.13072420633445,11.982023809521205,66.55406746034225,9.300944940427827,97.4276092800374,0.8660254037844386,0.5000000000000001
35,2021,2,1,29.45,95.0,Trina 310W,1 x SolarEdge SE25K,-37.71828652,145.0509752,3143.328125,1231,19.232152777756696,18.13072420633445,11.982023809521205,66.55406746034225,9.300944940427827,106.73440152801358,0.8660254037844386,0.5000000000000001
36,2021,2,1,49.83,151.0,Trina 330W,1 x SolarEdge SE27.6K + 1 x SolarEdge SE15K,-37.71828652,145.0509752,5426.71484375,1271,19.232152777756696,18.13072420633445,11.982023809521205,66.55406746034225,9.300944940427827,108.90457242123219,0.8660254037844386,0.5000000000000001
37,2021,2,1,51.15,155.0,Trina 330W,1 x SolarEdge SE25K + 1 x SolarEdge SE17K,-37.71828652,145.0509752,5313.30078125,1272,19.232152777756696,18.13072420633445,11.982023809521205,66.55406746034225,9.300944940427827,103.87684811827957,0.8660254037844386,0.5000000000000001
38,2021,2,1,56.76,172.0,Trina 330W,1 x SolarEdge SE50K,-37.71828652,145.0509752,5996.60546875,1264,19.232152777756696,18.13072420633445,11.982023809521205,66.55406746034225,9.300944940427827,105.64844025281889,0.8660254037844386,0.5000000000000001
39,2021,2,1,47.74,154.0,Trina 310W,1 x SolarEdge SE25K + 1 x SolarEdge SE15K,-37.71828652,145.0509752,3538.2265625,1240,19.232152777756696,18.13072420633445,11.982023809521205,66.55406746034225,9.300944940427827,74.11450696480938,0.8660254037844386,0.5000000000000001
40,2021,2,1,84.81,257.0,Trina 330W,1 x SolarEdge SE82.8K,-37.71828652,145.0509752,8323.375,1286,19.232152777756696,18.13072420633445,11.982023809521205,66.55406746034225,9.300944940427827,98.14143379318476,0.8660254037844386,0.5000000000000001
14,2021,3,1,66.0,200.0,Trina 330W,2 x SolarEdge SE27.6K,-37.71828652,145.0509752,6986.0234375,1385,17.004426523238575,16.279267473121976,12.191223118275202,76.53102598570564,7.818669354800403,105.84883996212122,1.0,6.123233995736766e-17
15,2021,3,1,94.24,304.0,Trina 310W,1 x SolarEdge SE82.8K,-37.71828652,145.0509752,9305.375,1392,17.004426523238575,16.279267473121976,12.191223118275202,76.53102598570564,7.818669354800403,98.74124575551784,1.0,6.123233995736766e-17
16,2021,3,1,30.0,115.38,TBD,SMA,-37.71828652,145.0509752,1635.1005859375,1229,17.004426523238575,16.279267473121976,12.191223118275202,76.53102598570564,7.818669354800403,54.503352864583334,1.0,6.123233995736766e-17
17,2021,3,1,45.26,146.0,Trina 310W,1 x SolarEdge SE25K + 1 x SolarEdge SE15K,-37.71828652,145.0509752,4496.0,1352,17.004426523238575,16.279267473121976,12.191223118275202,76.53102598570564,7.818669354800403,99.33716305788776,1.0,6.123233995736766e-17
18,2021,3,1,167.97,509.0,Trina 330W,3 x SolarEdge SE50K,-37.71828652,145.0509752,17743.625,1383,17.004426523238575,16.279267473121976,12.191223118275202,76.53102598570564,7.818669354800403,105.63567899029589,1.0,6.123233995736766e-17
19,2021,3,1,34.32,104.0,Trina 330W,1 x SolarEdge SE27.6K,-37.71828652,145.0509752,20703.40625,1389,17.004426523238575,16.279267473121976,12.191223118275202,76.53102598570564,7.818669354800403,603.2461028554778,1.0,6.123233995736766e-17
20,2021,3,1,77.22,234.0,Trina 330W,2 x SolarEdge SE25K + 1 x SolarEdge SE15K,-37.71828652,145.0509752,8093.328125,1370,17.004426523238575,16.279267473121976,12.191223118275202,76.53102598570564,7.818669354800403,104.80870402745403,1.0,6.123233995736766e-17
21,2021,3,1,39.27,119.0,Trina 330W,2 x SolarEdge SE17K,-37.71828652,145.0509752,3864.078125,1337,17.004426523238575,16.279267473121976,12.191223118275202,76.53102598570564,7.818669354800403,98.39771135727017,1.0,6.123233995736766e-17
22,2021,3,1,72.27,219.0,Trina 330W,1 x SolarEdge SE82.8K,-37.71828652,145.0509752,7124.0546875,1363,17.004426523238575,16.279267473121976,12.191223118275202,76.53102598570564,7.818669354800403,98.57554569669296,1.0,6.123233995736766e-17
23,2021,3,1,58.9,190.0,Trina 310W,1 x SolarEdge SE50K,-37.71828652,145.0509752,5788.8125,1369,17.004426523238575,16.279267473121976,12.191223118275202,76.53102598570564,7.818669354800403,98.28204584040748,1.0,6.123233995736766e-17
24,2021,3,1,40.26,122.0,Trina 330W,1 x SolarEdge SE82.8K,-37.71828652,145.0509752,8839.8515625,1368,17.004426523238575,16.279267473121976,12.191223118275202,76.53102598570564,7.818669354800403,219.56908997764532,1.0,6.123233995736766e-17
25,2021,3,1,384.12,1164.0,Trina 330W,4 x SolarEdge SE82.8K,-37.71828652,145.0509752,39712.78125,1394,17.004426523238575,16.279267473121976,12.191223118275202,76.53102598570564,7.818669354800403,103.38639292408622,1.0,6.123233995736766e-17
26,2021,3,1,38.94,118.0,Trina 330W,1 x SolarEdge SE17K + 1 x SolarEdge SE15K,-37.71828652,145.0509752,3914.69921875,1342,17.004426523238575,16.279267473121976,12.191223118275202,76.53102598570564,7.818669354800403,100.53156699409348,1.0,6.123233995736766e-17
27,2021,3,1,539.8,1240.92,SunpowerSPR-E20-435-COM,5 X ABB,-37.71828652,145.0509752,35261.0,1054,17.004426523238575,16.279267473121976,12.191223118275202,76.53102598570564,7.818669354800403,65.32234160800297,1.0,6.123233995736766e-17
30,2021,3,1,42.16,136.0,Trina 310W,2 x SolarEdge SE17K,-37.71828652,145.0509752,3905.287109375,1330,17.004426523238575,16.279267473121976,12.191223118275202,76.53102598570564,7.818669354800403,92.63014965310722,1.0,6.123233995736766e-17
31,2021,3,1,76.23,231.0,Trina 330W,2 x SolarEdge SE25K + 1 x SolarEdge SE15K,-37.71828652,145.0509752,7614.3359375,1384,17.004426523238575,16.279267473121976,12.191223118275202,76.53102598570564,7.818669354800403,99.88634313918405,1.0,6.123233995736766e-17
32,2021,3,1,35.64,108.0,Trina 330W,2 x SolarEdge SE15K,-37.71828652,145.0509752,3314.64453125,1346,17.004426523238575,16.279267473121976,12.191223118275202,76.53102598570564,7.818669354800403,93.00349414281706,1.0,6.123233995736766e-17
33,2021,3,1,87.78,266.0,Trina 330W,1 x SolarEdge SE82.8K,-37.71828652,145.0509752,8770.7734375,1376,17.004426523238575,16.279267473121976,12.191223118275202,76.53102598570564,7.818669354800403,99.91767415698337,1.0,6.123233995736766e-17
34,2021,3,1,21.39,69.0,Trina 310W,1 x SolarEdge SE17K,-37.71828652,145.0509752,2070.96875,1282,17.004426523238575,16.279267473121976,12.191223118275202,76.53102598570564,7.818669354800403,96.81948340345956,1.0,6.123233995736766e-17
35,2021,3,1,29.45,95.0,Trina 310W,1 x SolarEdge SE25K,-37.71828652,145.0509752,279.578125,139,17.004426523238575,16.279267473121976,12.191223118275202,76.53102598570564,7.818669354800403,9.49331494057725,1.0,6.123233995736766e-17
36,2021,3,1,49.83,151.0,Trina 330W,1 x SolarEdge SE27.6K + 1 x SolarEdge SE15K,-37.71828652,145.0509752,4948.26953125,1351,17.004426523238575,16.279267473121976,12.191223118275202,76.53102598570564,7.818669354800403,99.30302089604656,1.0,6.123233995736766e-17
37,2021,3,1,51.15,155.0,Trina 330W,1 x SolarEdge SE25K + 1 x SolarEdge SE17K,-37.71828652,145.0509752,4941.16015625,1364,17.004426523238575,16.279267473121976,12.191223118275202,76.53102598570564,7.818669354800403,96.60137157869013,1.0,6.123233995736766e-17
38,2021,3,1,56.76,172.0,Trina 330W,1 x SolarEdge SE50K,-37.71828652,145.0509752,5661.46875,1367,17.004426523238575,16.279267473121976,12.191223118275202,76.53102598570564,7.818669354800403,99.7439878435518,1.0,6.123233995736766e-17
39,2021,3,1,47.74,154.0,Trina 310W,1 x SolarEdge SE25K + 1 x SolarEdge SE15K,-37.71828652,145.0509752,3270.990234375,1322,17.004426523238575,16.279267473121976,12.191223118275202,76.53102598570564,7.818669354800403,68.51676234551738,1.0,6.123233995736766e-17
40,2021,3,1,84.81,257.0,Trina 330W,1 x SolarEdge SE82.8K,-37.71828652,145.0509752,7501.0,1381,17.004426523238575,16.279267473121976,12.191223118275202,76.53102598570564,7.818669354800403,88.44475887277443,1.0,6.123233995736766e-17
14,2021,4,1,66.0,200.0,Trina 330W,2 x SolarEdge SE27.6K,-37.71828652,145.0509752,5485.5,1249,14.843236111134376,13.311793981465627,9.640796296361458,74.7253472221632,7.958629629606945,83.11363636363636,0.8660254037844387,-0.4999999999999998
15,2021,4,1,94.24,304.0,Trina 310W,1 x SolarEdge SE82.8K,-37.71828652,145.0509752,7248.09375,1257,14.843236111134376,13.311793981465627,9.640796296361458,74.7253472221632,7.958629629606945,76.91101177843804,0.8660254037844387,-0.4999999999999998
16,2021,4,1,30.0,115.38,TBD,SMA,-37.71828652,145.0509752,1338.880859375,1116,14.843236111134376,13.311793981465627,9.640796296361458,74.7253472221632,7.958629629606945,44.62936197916667,0.8660254037844387,-0.4999999999999998
17,2021,4,1,45.26,146.0,Trina 310W,1 x SolarEdge SE25K + 1 x SolarEdge SE15K,-37.71828652,145.0509752,3600.51171875,1220,14.843236111134376,13.311793981465627,9.640796296361458,74.7253472221632,7.958629629606945,79.5517392565179,0.8660254037844387,-0.4999999999999998
18,2021,4,1,167.97,509.0,Trina 330W,3 x SolarEdge SE50K,-37.71828652,145.0509752,14238.875,1251,14.843236111134376,13.311793981465627,9.640796296361458,74.7253472221632,7.958629629606945,84.77034589510032,0.8660254037844387,-0.4999999999999998
19,2021,4,1,34.32,104.0,Trina 330W,1 x SolarEdge SE27.6K,-37.71828652,145.0509752,16353.703125,1254,14.843236111134376,13.311793981465627,9.640796296361458,74.7253472221632,7.958629629606945,476.5065013111888,0.8660254037844387,-0.4999999999999998
20,2021,4,1,77.22,234.0,Trina 330W,2 x SolarEdge SE25K + 1 x SolarEdge SE15K,-37.71828652,145.0509752,6515.640625,1239,14.843236111134376,13.311793981465627,9.640796296361458,74.7253472221632,7.958629629606945,84.37763047138047,0.8660254037844387,-0.4999999999999998
21,2021,4,1,39.27,119.0,Trina 330W,2 x SolarEdge SE17K,-37.71828652,145.0509752,2991.65234375,1208,14.843236111134376,13.311793981465627,9.640796296361458,74.7253472221632,7.958629629606945,76.1816232174688,0.8660254037844387,-0.4999999999999998
22,2021,4,1,72.27,219.0,Trina 330W,1 x SolarEdge SE82.8K,-37.71828652,145.0509752,5376.71875,1236,14.843236111134376,13.311793981465627,9.640796296361458,74.7253472221632,7.958629629606945,74.39765808772658,0.8660254037844387,-0.4999999999999998
23,2021,4,1,58.9,190.0,Trina 310W,1 x SolarEdge SE50K,-37.71828652,145.0509752,4472.078125,1234,14.843236111134376,13.311793981465627,9.640796296361458,74.7253472221632,7.958629629606945,75.92662351443124,0.8660254037844387,-0.4999999999999998
24,2021,4,1,40.26,122.0,Trina 330W,1 x SolarEdge SE82.8K,-37.71828652,145.0509752,7452.2109375,1250,14.843236111134376,13.311793981465627,9.640796296361458,74.7253472221632,7.958629629606945,185.10210972429212,0.8660254037844387,-0.4999999999999998
25,2021,4,1,384.12,1164.0,Trina 330W,4 x SolarEdge SE82.8K,-37.71828652,145.0509752,32578.40625,1275,14.843236111134376,13.311793981465627,9.640796296361458,74.7253472221632,7.958629629606945,84.81309551702593,0.8660254037844387,-0.4999999999999998
26,2021,4,1,38.94,118.0,Trina 330W,1 x SolarEdge SE17K + 1 x SolarEdge SE15K,-37.71828652,145.0509752,3037.02734375,1209,14.843236111134376,13.311793981465627,9.640796296361458,74.7253472221632,7.958629629606945,77.99248443117617,0.8660254037844387,-0.4999999999999998
27,2021,4,1,539.8,1240.92,SunpowerSPR-E20-435-COM,5 X ABB,-37.71828652,145.0509752,1582.25,75,14.843236111134376,13.311793981465627,9.640796296361458,74.7253472221632,7.958629629606945,2.93117821415339,0.8660254037844387,-0.4999999999999998
30,2021,4,1,42.16,136.0,Trina 310W,2 x SolarEdge SE17K,-37.71828652,145.0509752,3217.3125,1219,14.843236111134376,13.311793981465627,9.640796296361458,74.7253472221632,7.958629629606945,76.31196631878558,0.8660254037844387,-0.4999999999999998
31,2021,4,1,76.23,231.0,Trina 330W,2 x SolarEdge SE25K + 1 x SolarEdge SE15K,-37.71828652,145.0509752,6154.6640625,1236,14.843236111134376,13.311793981465627,9.640796296361458,74.7253472221632,7.958629629606945,80.73808293978747,0.8660254037844387,-0.4999999999999998
32,2021,4,1,35.64,108.0,Trina 330W,2 x SolarEdge SE15K,-37.71828652,145.0509752,2530.9296875,1209,14.843236111134376,13.311793981465627,9.640796296361458,74.7253472221632,7.958629629606945,71.013739828844,0.8660254037844387,-0.4999999999999998
33,2021,4,1,87.78,266.0,Trina 330W,1 x SolarEdge SE82.8K,-37.71828652,145.0509752,6885.875,1239,14.843236111134376,13.311793981465627,9.640796296361458,74.7253472221632,7.958629629606945,78.44469127363864,0.8660254037844387,-0.4999999999999998
34,2021,4,1,21.39,69.0,Trina 310W,1 x SolarEdge SE17K,-37.71828652,145.0509752,1675.275390625,1157,14.843236111134376,13.311793981465627,9.640796296361458,74.7253472221632,7.958629629606945,78.32049512038336,0.8660254037844387,-0.4999999999999998
35,2021,4,1,29.45,95.0,Trina 310W,1 x SolarEdge SE25K,-37.71828652,145.0509752,658.99609375,374,14.843236111134376,13.311793981465627,9.640796296361458,74.7253472221632,7.958629629606945,22.376777376910017,0.8660254037844387,-0.4999999999999998
36,2021,4,1,49.83,151.0,Trina 330W,1 x SolarEdge SE27.6K + 1 x SolarEdge SE15K,-37.71828652,145.0509752,3904.70703125,1233,14.843236111134376,13.311793981465627,9.640796296361458,74.7253472221632,7.958629629606945,78.36056655127433,0.8660254037844387,-0.4999999999999998
37,2021,4,1,51.15,155.0,Trina 330W,1 x SolarEdge SE25K + 1 x SolarEdge SE17K,-37.71828652,145.0509752,3784.265625,1234,14.843236111134376,13.311793981465627,9.640796296361458,74.7253472221632,7.958629629606945,73.98368768328446,0.8660254037844387,-0.4999999999999998
38,2021,4,1,56.76,172.0,Trina 330W,1 x SolarEdge SE50K,-37.71828652,145.0509752,4417.265625,1228,14.843236111134376,13.311793981465627,9.640796296361458,74.7253472221632,7.958629629606945,77.8235663319239,0.8660254037844387,-0.4999999999999998
39,2021,4,1,47.74,154.0,Trina 310W,1 x SolarEdge SE25K + 1 x SolarEdge SE15K,-37.71828652,145.0509752,2632.92578125,1198,14.843236111134376,13.311793981465627,9.640796296361458,74.7253472221632,7.958629629606945,55.15135695957268,0.8660254037844387,-0.4999999999999998
40,2021,4,1,84.81,257.0,Trina 330W,1 x SolarEdge SE82.8K,-37.71828652,145.0509752,5757.5234375,1232,14.843236111134376,13.311793981465627,9.640796296361458,74.7253472221632,7.958629629606945,67.88731797547459,0.8660254037844387,-0.4999999999999998
14,2021,5,1,66.0,200.0,Trina 330W,2 x SolarEdge SE27.6K,-37.71828652,145.0509752,3711.9765625,1099,11.711471774200605,9.776350806469086,8.113060035817204,80.93492383508737,8.019426523254033,56.242069128787875,0.49999999999999994,-0.8660254037844387
15,2021,5,1,94.24,304.0,Trina 310W,1 x SolarEdge SE82.8K,-37.71828652,145.0509752,5191.234375,1140,11.711471774200605,9.776350806469086,8.113060035817204,80.93492383508737,8.019426523254033,55.08525440365026,0.49999999999999994,-0.8660254037844387
16,2021,5,1,30.0,115.38,TBD,SMA,-37.71828652,145.0509752,904.9482421875,965,11.711471774200605,9.776350806469086,8.113060035817204,80.93492383508737,8.019426523254033,30.16494140625,0.49999999999999994,-0.8660254037844387
17,2021,5,1,45.26,146.0,Trina 310W,1 x SolarEdge SE25K + 1 x SolarEdge SE15K,-37.71828652,145.0509752,2578.953125,1055,11.711471774200605,9.776350806469086,8.113060035817204,80.93492383508737,8.019426523254033,56.98084677419355,0.49999999999999994,-0.8660254037844387
18,2021,5,1,167.97,509.0,Trina 330W,3 x SolarEdge SE50K,-37.71828652,145.0509752,9820.546875,1107,11.711471774200605,9.776350806469086,8.113060035817204,80.93492383508737,8.019426523254033,58.466076531523484,0.49999999999999994,-0.8660254037844387
19,2021,5,1,34.32,104.0,Trina 330W,1 x SolarEdge SE27.6K,-37.71828652,145.0509752,11336.6875,1110,11.711471774200605,9.776350806469086,8.113060035817204,80.93492383508737,8.019426523254033,330.32306235431236,0.49999999999999994,-0.8660254037844387
20,2021,5,1,77.22,234.0,Trina 330W,2 x SolarEdge SE25K + 1 x SolarEdge SE15K,-37.71828652,145.0509752,4553.765625,1087,11.711471774200605,9.776350806469086,8.113060035817204,80.93492383508737,8.019426523254033,58.971323815073816,0.49999999999999994,-0.8660254037844387
21,2021,5,1,39.27,119.0,Trina 330W,2 x SolarEdge SE17K,-37.71828652,145.0509752,1928.671875,1041,11.711471774200605,9.776350806469086,8.113060035817204,80.93492383508737,8.019426523254033,49.113111153552325,0.49999999999999994,-0.8660254037844387
22,2021,5,1,72.27,219.0,Trina 330W,1 x SolarEdge SE82.8K,-37.71828652,145.0509752,3643.8359375,1079,11.711471774200605,9.776350806469086,8.113060035817204,80.93492383508737,8.019426523254033,50.419758371385086,0.49999999999999994,-0.8660254037844387
23,2021,5,1,58.9,190.0,Trina 310W,1 x SolarEdge SE50K,-37.71828652,145.0509752,3195.5703125,1118,11.711471774200605,9.776350806469086,8.113060035817204,80.93492383508737,8.019426523254033,54.25416489813243,0.49999999999999994,-0.8660254037844387
24,2021,5,1,40.26,122.0,Trina 330W,1 x SolarEdge SE82.8K,-37.71828652,145.0509752,5557.859375,1106,11.711471774200605,9.776350806469086,8.113060035817204,80.93492383508737,8.019426523254033,138.04916480377545,0.49999999999999994,-0.8660254037844387
25,2021,5,1,384.12,1164.0,Trina 330W,4 x SolarEdge SE82.8K,-37.71828652,145.0509752,23453.59375,1127,11.711471774200605,9.776350806469086,8.113060035817204,80.93492383508737,8.019426523254033,61.05798643653025,0.49999999999999994,-0.8660254037844387
26,2021,5,1,38.94,118.0,Trina 330W,1 x SolarEdge SE17K + 1 x SolarEdge SE15K,-37.71828652,145.0509752,2112.37890625,1053,11.711471774200605,9.776350806469086,8.113060035817204,80.93492383508737,8.019426523254033,54.24701865048793,0.49999999999999994,-0.8660254037844387
27,2021,5,1,539.8,1240.92,SunpowerSPR-E20-435-COM,5 X ABB,-37.71828652,145.0509752,15880.9375,689,11.711471774200605,9.776350806469086,8.113060035817204,80.93492383508737,8.019426523254033,29.42003982956651,0.49999999999999994,-0.8660254037844387
30,2021,5,1,42.16,136.0,Trina 310W,2 x SolarEdge SE17K,-37.71828652,145.0509752,2478.9609375,1092,11.711471774200605,9.776350806469086,8.113060035817204,80.93492383508737,8.019426523254033,58.79888371679317,0.49999999999999994,-0.8660254037844387
31,2021,5,1,76.23,231.0,Trina 330W,2 x SolarEdge SE25K + 1 x SolarEdge SE15K,-37.71828652,145.0509752,4538.5234375,1090,11.711471774200605,9.776350806469086,8.113060035817204,80.93492383508737,8.019426523254033,59.53723517643972,0.49999999999999994,-0.8660254037844387
32,2021,5,1,35.64,108.0,Trina 330W,2 x SolarEdge SE15K,-37.71828652,145.0509752,1798.28125,1039,11.711471774200605,9.776350806469086,8.113060035817204,80.93492383508737,8.019426523254033,50.45682519640853,0.49999999999999994,-0.8660254037844387
33,2021,5,1,87.78,266.0,Trina 330W,1 x SolarEdge SE82.8K,-37.71828652,145.0509752,5054.8359375,1088,11.711471774200605,9.776350806469086,8.113060035817204,80.93492383508737,8.019426523254033,57.58528067327409,0.49999999999999994,-0.8660254037844387
34,2021,5,1,21.39,69.0,Trina 310W,1 x SolarEdge SE17K,-37.71828652,145.0509752,1275.19140625,1025,11.711471774200605,9.776350806469086,8.113060035817204,80.93492383508737,8.019426523254033,59.616241526414214,0.49999999999999994,-0.8660254037844387
35,2021,5,1,29.45,95.0,Trina 310W,1 x SolarEdge SE25K,-37.71828652,145.0509752,1694.890625,1064,11.711471774200605,9.776350806469086,8.113060035817204,80.93492383508737,8.019426523254033,57.551464346349746,0.49999999999999994,-0.8660254037844387
36,2021,5,1,49.83,151.0,Trina 330W,1 x SolarEdge SE27.6K + 1 x SolarEdge SE15K,-37.71828652,145.0509752,2491.2578125,1066,11.711471774200605,9.776350806469086,8.113060035817204,80.93492383508737,8.019426523254033,49.99513972506522,0.49999999999999994,-0.8660254037844387
37,2021,5,1,51.15,155.0,Trina 330W,1 x SolarEdge SE25K + 1 x SolarEdge SE17K,-37.71828652,145.0509752,2717.6171875,1098,11.711471774200605,9.776350806469086,8.113060035817204,80.93492383508737,8.019426523254033,53.130345796676444,0.49999999999999994,-0.8660254037844387
38,2021,5,1,56.76,172.0,Trina 330W,1 x SolarEdge SE50K,-37.71828652,145.0509752,2950.296875,1076,11.711471774200605,9.776350806469086,8.113060035817204,80.93492383508737,8.019426523254033,51.97845093375617,0.49999999999999994,-0.8660254037844387
39,2021,5,1,47.74,154.0,Trina 310W,1 x SolarEdge SE25K + 1 x SolarEdge SE15K,-37.71828652,145.0509752,1922.8984375,1065,11.711471774200605,9.776350806469086,8.113060035817204,80.93492383508737,8.019426523254033,40.27855964599916,0.49999999999999994,-0.8660254037844387
40,2021,5,1,84.81,257.0,Trina 330W,1 x SolarEdge SE82.8K,-37.71828652,145.0509752,3885.375,1081,11.711471774200605,9.776350806469086,8.113060035817204,80.93492383508737,8.019426523254033,45.81269897417757,0.49999999999999994,-0.8660254037844387
14,2021,6,1,66.0,200.0,Trina 330W,2 x SolarEdge SE27.6K,-37.71828652,145.0509752,2859.8671875,1050,10.410647397528024,8.448277523199154,8.083583597710962,86.99910703799084,8.049285629083721,43.33132102272727,1.2246467991473532e-16,-1.0
15,2021,6,1,94.24,304.0,Trina 310W,1 x SolarEdge SE82.8K,-37.71828652,145.0509752,4026.015625,1075,10.410647397528024,8.448277523199154,8.083583597710962,86.99910703799084,8.049285629083721,42.72087887308999,1.2246467991473532e-16,-1.0
16,2021,6,1,30.0,115.38,TBD,SMA,-37.71828652,145.0509752,575.517578125,894,10.410647397528024,8.448277523199154,8.083583597710962,86.99910703799084,8.049285629083721,19.183919270833332,1.2246467991473532e-16,-1.0
17,2021,6,1,45.26,146.0,Trina 310W,1 x SolarEdge SE25K + 1 x SolarEdge SE15K,-37.71828652,145.0509752,1992.08203125,1026,10.410647397528024,8.448277523199154,8.083583597710962,86.99910703799084,8.049285629083721,44.01418540101635,1.2246467991473532e-16,-1.0
18,2021,6,1,167.97,509.0,Trina 330W,3 x SolarEdge SE50K,-37.71828652,145.0509752,7553.71875,1074,10.410647397528024,8.448277523199154,8.083583597710962,86.99910703799084,8.049285629083721,44.97064207894267,1.2246467991473532e-16,-1.0
19,2021,6,1,34.32,104.0,Trina 330W,1 x SolarEdge SE27.6K,-37.71828652,145.0509752,8846.75,1079,10.410647397528024,8.448277523199154,8.083583597710962,86.99910703799084,8.049285629083721,257.7724358974359,1.2246467991473532e-16,-1.0
20,2021,6,1,77.22,234.0,Trina 330W,2 x SolarEdge SE25K + 1 x SolarEdge SE15K,-37.71828652,145.0509752,3443.546875,1052,10.410647397528024,8.448277523199154,8.083583597710962,86.99910703799084,8.049285629083721,44.593976625226624,1.2246467991473532e-16,-1.0
21,2021,6,1,39.27,119.0,Trina 330W,2 x SolarEdge SE17K,-37.71828652,145.0509752,1456.05859375,1008,10.410647397528024,8.448277523199154,8.083583597710962,86.99910703799084,8.049285629083721,37.07814091545709,1.2246467991473532e-16,-1.0
22,2021,6,1,72.27,219.0,Trina 330W,1 x SolarEdge SE82.8K,-37.71828652,145.0509752,2937.7421875,1048,10.410647397528024,8.448277523199154,8.083583597710962,86.99910703799084,8.049285629083721,40.649539054932895,1.2246467991473532e-16,-1.0
23,2021,6,1,58.9,190.0,Trina 310W,1 x SolarEdge SE50K,-37.71828652,145.0509752,2417.046875,1044,10.410647397528024,8.448277523199154,8.083583597710962,86.99910703799084,8.049285629083721,41.03644949066214,1.2246467991473532e-16,-1.0
24,2021,6,1,40.26,122.0,Trina 330W,1 x SolarEdge SE82.8K,-37.71828652,145.0509752,4425.5625,1065,10.410647397528024,8.448277523199154,8.083583597710962,86.99910703799084,8.049285629083721,109.92455290611029,1.2246467991473532e-16,-1.0
25,2021,6,1,384.12,1164.0,Trina 330W,4 x SolarEdge SE82.8K,-37.71828652,145.0509752,16689.71875,1004,10.410647397528024,8.448277523199154,8.083583597710962,86.99910703799084,8.049285629083721,43.44923135999167,1.2246467991473532e-16,-1.0
26,2021,6,1,38.94,118.0,Trina 330W,1 x SolarEdge SE17K + 1 x SolarEdge SE15K,-37.71828652,145.0509752,1635.4453125,1014,10.410647397528024,8.448277523199154,8.083583597710962,86.99910703799084,8.049285629083721,41.999109206471495,1.2246467991473532e-16,-1.0
27,2021,6,1,539.8,1240.92,SunpowerSPR-E20-435-COM,5 X ABB,-37.71828652,145.0509752,22404.3125,1130,10.410647397528024,8.448277523199154,8.083583597710962,86.99910703799084,8.049285629083721,41.50483975546499,1.2246467991473532e-16,-1.0
30,2021,6,1,42.16,136.0,Trina 310W,2 x SolarEdge SE17K,-37.71828652,145.0509752,1910.57421875,1020,10.410647397528024,8.448277523199154,8.083583597710962,86.99910703799084,8.049285629083721,45.31722530241936,1.2246467991473532e-16,-1.0
31,2021,6,1,76.23,231.0,Trina 330W,2 x SolarEdge SE25K + 1 x SolarEdge SE15K,-37.71828652,145.0509752,3662.9140625,1055,10.410647397528024,8.448277523199154,8.083583597710962,86.99910703799084,8.049285629083721,48.050820707070706,1.2246467991473532e-16,-1.0
32,2021,6,1,35.64,108.0,Trina 330W,2 x SolarEdge SE15K,-37.71828652,145.0509752,1433.90234375,1009,10.410647397528024,8.448277523199154,8.083583597710962,86.99910703799084,8.049285629083721,40.23295016133558,1.2246467991473532e-16,-1.0
33,2021,6,1,87.78,266.0,Trina 330W,1 x SolarEdge SE82.8K,-37.71828652,145.0509752,4106.265625,1060,10.410647397528024,8.448277523199154,8.083583597710962,86.99910703799084,8.049285629083721,46.779057017543856,1.2246467991473532e-16,-1.0
34,2021,6,1,21.39,69.0,Trina 310W,1 x SolarEdge SE17K,-37.71828652,145.0509752,954.5390625,964,10.410647397528024,8.448277523199154,8.083583597710962,86.99910703799084,8.049285629083721,44.62548211781206,1.2246467991473532e-16,-1.0
35,2021,6,1,29.45,95.0,Trina 310W,1 x SolarEdge SE25K,-37.71828652,145.0509752,1239.46484375,995,10.410647397528024,8.448277523199154,8.083583597710962,86.99910703799084,8.049285629083721,42.087091468590835,1.2246467991473532e-16,-1.0
36,2021,6,1,49.83,151.0,Trina 330W,1 x SolarEdge SE27.6K + 1 x SolarEdge SE15K,-37.71828652,145.0509752,1908.7734375,1025,10.410647397528024,8.448277523199154,8.083583597710962,86.99910703799084,8.049285629083721,38.305708157736305,1.2246467991473532e-16,-1.0
37,2021,6,1,51.15,155.0,Trina 330W,1 x SolarEdge SE25K + 1 x SolarEdge SE17K,-37.71828652,145.0509752,2057.984375,1032,10.410647397528024,8.448277523199154,8.083583597710962,86.99910703799084,8.049285629083721,40.23429863147605,1.2246467991473532e-16,-1.0
38,2021,6,1,56.76,172.0,Trina 330W,1 x SolarEdge SE50K,-37.71828652,145.0509752,2144.2109375,1046,10.410647397528024,8.448277523199154,8.083583597710962,86.99910703799084,8.049285629083721,37.77679593904158,1.2246467991473532e-16,-1.0
39,2021,6,1,47.74,154.0,Trina 310W,1 x SolarEdge SE25K + 1 x SolarEdge SE15K,-37.71828652,145.0509752,1424.14453125,992,10.410647397528024,8.448277523199154,8.083583597710962,86.99910703799084,8.049285629083721,29.831263746334308,1.2246467991473532e-16,-1.0
40,2021,6,1,84.81,257.0,Trina 330W,1 x SolarEdge SE82.8K,-37.71828652,145.0509752,3016.7578125,1043,10.410647397528024,8.448277523199154,8.083583597710962,86.99910703799084,8.049285629083721,35.57077953661125,1.2246467991473532e-16,-1.0
14,2021,7,1,66.0,200.0,Trina 330W,2 x SolarEdge SE27.6K,-37.71828652,145.0509752,656.8203125,154,9.797658862876254,7.058428093645485,6.486900780379265,81.57279821627425,,9.951822916666666,-0.4999999999999997,-0.8660254037844388
15,2021,7,1,94.24,304.0,Trina 310W,1 x SolarEdge SE82.8K,-37.71828652,145.0509752,4363.7265625,1084,9.797658862876254,7.058428093645485,6.486900780379265,81.57279821627425,,46.3043990078523,-0.4999999999999997,-0.8660254037844388
16,2021,7,1,30.0,115.38,TBD,SMA,-37.71828652,145.0509752,644.212890625,896,9.797658862876254,7.058428093645485,6.486900780379265,81.57279821627425,,21.473763020833335,-0.4999999999999997,-0.8660254037844388
17,2021,7,1,45.26,146.0,Trina 310W,1 x SolarEdge SE25K + 1 x SolarEdge SE15K,-37.71828652,145.0509752,2238.39453125,1050,9.797658862876254,7.058428093645485,6.486900780379265,81.57279821627425,,49.45635287781706,-0.4999999999999997,-0.8660254037844388
18,2021,7,1,167.97,509.0,Trina 330W,3 x SolarEdge SE50K,-37.71828652,145.0509752,8429.796875,1087,9.797658862876254,7.058428093645485,6.486900780379265,81.57279821627425,,50.18632419479669,-0.4999999999999997,-0.8660254037844388
19,2021,7,1,34.32,104.0,Trina 330W,1 x SolarEdge SE27.6K,-37.71828652,145.0509752,9785.984375,1089,9.797658862876254,7.058428093645485,6.486900780379265,81.57279821627425,,285.1394048659674,-0.4999999999999997,-0.8660254037844388
20,2021,7,1,77.22,234.0,Trina 330W,2 x SolarEdge SE25K + 1 x SolarEdge SE15K,-37.71828652,145.0509752,3887.9765625,1072,9.797658862876254,7.058428093645485,6.486900780379265,81.57279821627425,,50.34934683372183,-0.4999999999999997,-0.8660254037844388
21,2021,7,1,39.27,119.0,Trina 330W,2 x SolarEdge SE17K,-37.71828652,145.0509752,1648.8203125,1027,9.797658862876254,7.058428093645485,6.486900780379265,81.57279821627425,,41.98676629742806,-0.4999999999999997,-0.8660254037844388
22,2021,7,1,72.27,219.0,Trina 330W,1 x SolarEdge SE82.8K,-37.71828652,145.0509752,3210.5859375,1067,9.797658862876254,7.058428093645485,6.486900780379265,81.57279821627425,,44.42487806143628,-0.4999999999999997,-0.8660254037844388
23,2021,7,1,58.9,190.0,Trina 310W,1 x SolarEdge SE50K,-37.71828652,145.0509752,2620.3828125,1061,9.797658862876254,7.058428093645485,6.486900780379265,81.57279821627425,,44.48867253820034,-0.4999999999999997,-0.8660254037844388
24,2021,7,1,40.26,122.0,Trina 330W,1 x SolarEdge SE82.8K,-37.71828652,145.0509752,4766.2890625,1079,9.797658862876254,7.058428093645485,6.486900780379265,81.57279821627425,,118.38770647044213,-0.4999999999999997,-0.8660254037844388
25,2021,7,1,384.12,1164.0,Trina 330W,4 x SolarEdge SE82.8K,-37.71828652,145.0509752,20144.0,1102,9.797658862876254,7.058428093645485,6.486900780379265,81.57279821627425,,52.44194522545038,-0.4999999999999997,-0.8660254037844388
26,2021,7,1,38.94,118.0,Trina 330W,1 x SolarEdge SE17K + 1 x SolarEdge SE15K,-37.71828652,145.0509752,1798.62890625,1039,9.797658862876254,7.058428093645485,6.486900780379265,81.57279821627425,,46.189751059322035,-0.4999999999999997,-0.8660254037844388
27,2021,7,1,539.8,1240.92,SunpowerSPR-E20-435-COM,5 X ABB,-37.71828652,145.0509752,23798.25,1137,9.797658862876254,7.058428093645485,6.486900780379265,81.57279821627425,,44.087161911819194,-0.4999999999999997,-0.8660254037844388
30,2021,7,1,42.16,136.0,Trina 310W,2 x SolarEdge SE17K,-37.71828652,145.0509752,2047.875,1038,9.797658862876254,7.058428093645485,6.486900780379265,81.57279821627425,,48.57388519924099,-0.4999999999999997,-0.8660254037844388
31,2021,7,1,76.23,231.0,Trina 330W,2 x SolarEdge SE25K + 1 x SolarEdge SE15K,-37.71828652,145.0509752,4015.34375,1072,9.797658862876254,7.058428093645485,6.486900780379265,81.57279821627425,,52.674062049062044,-0.4999999999999997,-0.8660254037844388
32,2021,7,1,35.64,108.0,Trina 330W,2 x SolarEdge SE15K,-37.71828652,145.0509752,1569.7578125,1025,9.797658862876254,7.058428093645485,6.486900780379265,81.57279821627425,,44.044832000561165,-0.4999999999999997,-0.8660254037844388
33,2021,7,1,87.78,266.0,Trina 330W,1 x SolarEdge SE82.8K,-37.71828652,145.0509752,4438.1015625,1072,9.797658862876254,7.058428093645485,6.486900780379265,81.57279821627425,,50.55937072795626,-0.4999999999999997,-0.8660254037844388
34,2021,7,1,21.39,69.0,Trina 310W,1 x SolarEdge SE17K,-37.71828652,145.0509752,1023.509765625,985,9.797658862876254,7.058428093645485,6.486900780379265,81.57279821627425,,47.84991891654979,-0.4999999999999997,-0.8660254037844388
35,2021,7,1,29.45,95.0,Trina 310W,1 x SolarEdge SE25K,-37.71828652,145.0509752,1367.12890625,1015,9.797658862876254,7.058428093645485,6.486900780379265,81.57279821627425,,46.422034168081495,-0.4999999999999997,-0.8660254037844388
36,2021,7,1,49.83,151.0,Trina 330W,1 x SolarEdge SE27.6K + 1 x SolarEdge SE15K,-37.71828652,145.0509752,2160.79296875,1047,9.797658862876254,7.058428093645485,6.486900780379265,81.57279821627425,,43.36329457656031,-0.4999999999999997,-0.8660254037844388
37,2021,7,1,51.15,155.0,Trina 330W,1 x SolarEdge SE25K + 1 x SolarEdge SE17K,-37.71828652,145.0509752,2259.9609375,1053,9.797658862876254,7.058428093645485,6.486900780379265,81.57279821627425,,44.18300953079179,-0.4999999999999997,-0.8660254037844388
38,2021,7,1,56.76,172.0,Trina 330W,1 x SolarEdge SE50K,-37.71828652,145.0509752,2464.671875,1063,9.797658862876254,7.058428093645485,6.486900780379265,81.57279821627425,,43.42268983439042,-0.4999999999999997,-0.8660254037844388
39,2021,7,1,47.74,154.0,Trina 310W,1 x SolarEdge SE25K + 1 x SolarEdge SE15K,-37.71828652,145.0509752,1569.8125,1014,9.797658862876254,7.058428093645485,6.486900780379265,81.57279821627425,,32.88254084625052,-0.4999999999999997,-0.8660254037844388
40,2021,7,1,84.81,257.0,Trina 330W,1 x SolarEdge SE82.8K,-37.71828652,145.0509752,3437.71875,1064,9.797658862876254,7.058428093645485,6.486900780379265,81.57279821627425,,40.53435620799434,-0.4999999999999997,-0.8660254037844388
14,2021,8,1,66.0,200.0,Trina 330W,2 x SolarEdge SE27.6K,-37.71828652,145.0509752,4863.0625,1166,11.318344594594596,8.595608108108108,6.850067567567568,76.79527027027027,,73.68276515151516,-0.8660254037844384,-0.5000000000000004
15,2021,8,1,94.24,304.0,Trina 310W,1 x SolarEdge SE82.8K,-37.71828652,145.0509752,6382.734375,1174,11.318344594594596,8.595608108108108,6.850067567567568,76.79527027027027,,67.72850567699491,-0.8660254037844384,-0.5000000000000004
16,2021,8,1,30.0,115.38,TBD,SMA,-37.71828652,145.0509752,1090.279296875,1019,11.318344594594596,8.595608108108108,6.850067567567568,76.79527027027027,,36.34264322916667,-0.8660254037844384,-0.5000000000000004
17,2021,8,1,45.26,146.0,Trina 310W,1 x SolarEdge SE25K + 1 x SolarEdge SE15K,-37.71828652,145.0509752,3264.890625,1139,11.318344594594596,8.595608108108108,6.850067567567568,76.79527027027027,,72.13633727353071,-0.8660254037844384,-0.5000000000000004
18,2021,8,1,167.97,509.0,Trina 330W,3 x SolarEdge SE50K,-37.71828652,145.0509752,12821.296875,1186,11.318344594594596,8.595608108108108,6.850067567567568,76.79527027027027,,76.330873816753,-0.8660254037844384,-0.5000000000000004
19,2021,8,1,34.32,104.0,Trina 330W,1 x SolarEdge SE27.6K,-37.71828652,145.0509752,14784.34375,1188,11.318344594594596,8.595608108108108,6.850067567567568,76.79527027027027,,430.77924679487177,-0.8660254037844384,-0.5000000000000004
20,2021,8,1,77.22,234.0,Trina 330W,2 x SolarEdge SE25K + 1 x SolarEdge SE15K,-37.71828652,145.0509752,5916.7734375,1163,11.318344594594596,8.595608108108108,6.850067567567568,76.79527027027027,,76.62229263791764,-0.8660254037844384,-0.5000000000000004
21,2021,8,1,39.27,119.0,Trina 330W,2 x SolarEdge SE17K,-37.71828652,145.0509752,2629.859375,1128,11.318344594594596,8.595608108108108,6.850067567567568,76.79527027027027,,66.96866246498598,-0.8660254037844384,-0.5000000000000004
22,2021,8,1,72.27,219.0,Trina 330W,1 x SolarEdge SE82.8K,-37.71828652,145.0509752,4689.6484375,1155,11.318344594594596,8.595608108108108,6.850067567567568,76.79527027027027,,64.89066607859417,-0.8660254037844384,-0.5000000000000004
23,2021,8,1,58.9,190.0,Trina 310W,1 x SolarEdge SE50K,-37.71828652,145.0509752,4031.4375,1158,11.318344594594596,8.595608108108108,6.850067567567568,76.79527027027027,,68.4454584040747,-0.8660254037844384,-0.5000000000000004
24,2021,8,1,40.26,122.0,Trina 330W,1 x SolarEdge SE82.8K,-37.71828652,145.0509752,6841.4453125,1176,11.318344594594596,8.595608108108108,6.850067567567568,76.79527027027027,,169.9315775583706,-0.8660254037844384,-0.5000000000000004
25,2021,8,1,384.12,1164.0,Trina 330W,4 x SolarEdge SE82.8K,-37.71828652,145.0509752,29526.5,1202,11.318344594594596,8.595608108108108,6.850067567567568,76.79527027027027,,76.86790586275123,-0.8660254037844384,-0.5000000000000004
26,2021,8,1,38.94,118.0,Trina 330W,1 x SolarEdge SE17K + 1 x SolarEdge SE15K,-37.71828652,145.0509752,2651.03515625,1136,11.318344594594596,8.595608108108108,6.850067567567568,76.79527027027027,,68.07999887647664,-0.8660254037844384,-0.5000000000000004
27,2021,8,1,539.8,1240.92,SunpowerSPR-E20-435-COM,5 X ABB,-37.71828652,145.0509752,34894.5,1237,11.318344594594596,8.595608108108108,6.850067567567568,76.79527027027027,,64.64338643942202,-0.8660254037844384,-0.5000000000000004
30,2021,8,1,42.16,136.0,Trina 310W,2 x SolarEdge SE17K,-37.71828652,145.0509752,2970.65234375,1138,11.318344594594596,8.595608108108108,6.850067567567568,76.79527027027027,,70.461393352704,-0.8660254037844384,-0.5000000000000004
31,2021,8,1,76.23,231.0,Trina 330W,2 x SolarEdge SE25K + 1 x SolarEdge SE15K,-37.71828652,145.0509752,5789.875,1164,11.318344594594596,8.595608108108108,6.850067567567568,76.79527027027027,,75.95270890725436,-0.8660254037844384,-0.5000000000000004
32,2021,8,1,35.64,108.0,Trina 330W,2 x SolarEdge SE15K,-37.71828652,145.0509752,2310.16015625,1131,11.318344594594596,8.595608108108108,6.850067567567568,76.79527027027027,,64.81930853675645,-0.8660254037844384,-0.5000000000000004
33,2021,8,1,87.78,266.0,Trina 330W,1 x SolarEdge SE82.8K,-37.71828652,145.0509752,6449.1328125,1166,11.318344594594596,8.595608108108108,6.850067567567568,76.79527027027027,,73.46927332535886,-0.8660254037844384,-0.5000000000000004
34,2021,8,1,21.39,69.0,Trina 310W,1 x SolarEdge SE17K,-37.71828652,145.0509752,1545.94921875,1088,11.318344594594596,8.595608108108108,6.850067567567568,76.79527027027027,,72.27439077840113,-0.8660254037844384,-0.5000000000000004
35,2021,8,1,29.45,95.0,Trina 310W,1 x SolarEdge SE25K,-37.71828652,145.0509752,2100.8828125,1117,11.318344594594596,8.595608108108108,6.850067567567568,76.79527027027027,,71.33727716468591,-0.8660254037844384,-0.5000000000000004
36,2021,8,1,49.83,151.0,Trina 330W,1 x SolarEdge SE27.6K + 1 x SolarEdge SE15K,-37.71828652,145.0509752,3382.11328125,1144,11.318344594594596,8.595608108108108,6.850067567567568,76.79527027027027,,67.87303394039735,-0.8660254037844384,-0.5000000000000004
37,2021,8,1,51.15,155.0,Trina 330W,1 x SolarEdge SE25K + 1 x SolarEdge SE17K,-37.71828652,145.0509752,3382.91015625,1157,11.318344594594596,8.595608108108108,6.850067567567568,76.79527027027027,,66.13705095307918,-0.8660254037844384,-0.5000000000000004
38,2021,8,1,56.76,172.0,Trina 330W,1 x SolarEdge SE50K,-37.71828652,145.0509752,3939.1015625,1158,11.318344594594596,8.595608108108108,6.850067567567568,76.79527027027027,,69.39925233439043,-0.8660254037844384,-0.5000000000000004
39,2021,8,1,47.74,154.0,Trina 310W,1 x SolarEdge SE25K + 1 x SolarEdge SE15K,-37.71828652,145.0509752,2390.9921875,1116,11.318344594594596,8.595608108108108,6.850067567567568,76.79527027027027,,50.083623533724335,-0.8660254037844384,-0.5000000000000004
40,2021,8,1,84.81,257.0,Trina 330W,1 x SolarEdge SE82.8K,-37.71828652,145.0509752,5076.6328125,1153,11.318344594594596,8.595608108108108,6.850067567567568,76.79527027027027,,59.85889414573753,-0.8660254037844384,-0.5000000000000004
14,2021,9,1,66.0,200.0,Trina 330W,2 x SolarEdge SE27.6K,-37.71828652,145.0509752,7130.0,1327,12.740137457044675,10.07443298969072,7.401202749140894,73.71351660939519,,108.03030303030303,-1.0,-1.8369701987210297e-16
15,2021,9,1,94.24,304.0,Trina 310W,1 x SolarEdge SE82.8K,-37.71828652,145.0509752,9572.84375,1333,12.740137457044675,10.07443298969072,7.401202749140894,73.71351660939519,,101.57941160865875,-1.0,-1.8369701987210297e-16
16,2021,9,1,30.0,115.38,TBD,SMA,-37.71828652,145.0509752,1718.494140625,1192,12.740137457044675,10.07443298969072,7.401202749140894,73.71351660939519,,57.283138020833334,-1.0,-1.8369701987210297e-16
17,2021,9,1,45.26,146.0,Trina 310W,1 x SolarEdge SE25K + 1 x SolarEdge SE15K,-37.71828652,145.0509752,4698.09765625,1305,12.740137457044675,10.07443298969072,7.401202749140894,73.71351660939519,,103.80242280711445,-1.0,-1.8369701987210297e-16
18,2021,9,1,167.97,509.0,Trina 330W,3 x SolarEdge SE50K,-37.71828652,145.0509752,18652.78125,1347,12.740137457044675,10.07443298969072,7.401202749140894,73.71351660939519,,111.04828987319164,-1.0,-1.8369701987210297e-16
19,2021,9,1,34.32,104.0,Trina 330W,1 x SolarEdge SE27.6K,-37.71828652,145.0509752,21611.28125,1343,12.740137457044675,10.07443298969072,7.401202749140894,73.71351660939519,,629.6993371212121,-1.0,-1.8369701987210297e-16
20,2021,9,1,77.22,234.0,Trina 330W,2 x SolarEdge SE25K + 1 x SolarEdge SE15K,-37.71828652,145.0509752,8477.265625,1328,12.740137457044675,10.07443298969072,7.401202749140894,73.71351660939519,,109.78069962444962,-1.0,-1.8369701987210297e-16
21,2021,9,1,39.27,119.0,Trina 330W,2 x SolarEdge SE17K,-37.71828652,145.0509752,3957.4453125,1290,12.740137457044675,10.07443298969072,7.401202749140894,73.71351660939519,,100.77528170359052,-1.0,-1.8369701987210297e-16
22,2021,9,1,72.27,219.0,Trina 330W,1 x SolarEdge SE82.8K,-37.71828652,145.0509752,7308.234375,1324,12.740137457044675,10.07443298969072,7.401202749140894,73.71351660939519,,101.12404005811541,-1.0,-1.8369701987210297e-16
23,2021,9,1,58.9,190.0,Trina 310W,1 x SolarEdge SE50K,-37.71828652,145.0509752,6021.2890625,1335,12.740137457044675,10.07443298969072,7.401202749140894,73.71351660939519,,102.22901634125637,-1.0,-1.8369701987210297e-16
24,2021,9,1,40.26,122.0,Trina 330W,1 x SolarEdge SE82.8K,-37.71828652,145.0509752,9511.875,1328,12.740137457044675,10.07443298969072,7.401202749140894,73.71351660939519,,236.26117734724292,-1.0,-1.8369701987210297e-16
25,2021,9,1,384.12,1164.0,Trina 330W,4 x SolarEdge SE82.8K,-37.71828652,145.0509752,40665.625,1363,12.740137457044675,10.07443298969072,7.401202749140894,73.71351660939519,,105.86698167239405,-1.0,-1.8369701987210297e-16
26,2021,9,1,38.94,118.0,Trina 330W,1 x SolarEdge SE17K + 1 x SolarEdge SE15K,-37.71828652,145.0509752,3929.12890625,1302,12.740137457044675,10.07443298969072,7.401202749140894,73.71351660939519,,100.9021290767848,-1.0,-1.8369701987210297e-16
27,2021,9,1,539.8,1240.92,SunpowerSPR-E20-435-COM,5 X ABB,-37.71828652,145.0509752,50397.3125,1386,12.740137457044675,10.07443298969072,7.401202749140894,73.71351660939519,,93.3629353464246,-1.0,-1.8369701987210297e-16
30,2021,9,1,42.16,136.0,Trina 310W,2 x SolarEdge SE17K,-37.71828652,145.0509752,4067.671875,1286,12.740137457044675,10.07443298969072,7.401202749140894,73.71351660939519,,96.4817807163188,-1.0,-1.8369701987210297e-16
31,2021,9,1,76.23,231.0,Trina 330W,2 x SolarEdge SE25K + 1 x SolarEdge SE15K,-37.71828652,145.0509752,8147.0234375,1324,12.740137457044675,10.07443298969072,7.401202749140894,73.71351660939519,,106.87424160435523,-1.0,-1.8369701987210297e-16
32,2021,9,1,35.64,108.0,Trina 330W,2 x SolarEdge SE15K,-37.71828652,145.0509752,3366.63671875,1306,12.740137457044675,10.07443298969072,7.401202749140894,73.71351660939519,,94.46230972923681,-1.0,-1.8369701987210297e-16
33,2021,9,1,87.78,266.0,Trina 330W,1 x SolarEdge SE82.8K,-37.71828652,145.0509752,9223.1328125,1328,12.740137457044675,10.07443298969072,7.401202749140894,73.71351660939519,,105.07100492709046,-1.0,-1.8369701987210297e-16
34,2021,9,1,21.39,69.0,Trina 310W,1 x SolarEdge SE17K,-37.71828652,145.0509752,2229.765625,1266,12.740137457044675,10.07443298969072,7.401202749140894,73.71351660939519,,104.24336722767649,-1.0,-1.8369701987210297e-16
35,2021,9,1,29.45,95.0,Trina 310W,1 x SolarEdge SE25K,-37.71828652,145.0509752,2995.6328125,1270,12.740137457044675,10.07443298969072,7.401202749140894,73.71351660939519,,101.71928056027166,-1.0,-1.8369701987210297e-16
36,2021,9,1,49.83,151.0,Trina 330W,1 x SolarEdge SE27.6K + 1 x SolarEdge SE15K,-37.71828652,145.0509752,5052.53125,1308,12.740137457044675,10.07443298969072,7.401202749140894,73.71351660939519,,101.3953692554686,-1.0,-1.8369701987210297e-16
37,2021,9,1,51.15,155.0,Trina 330W,1 x SolarEdge SE25K + 1 x SolarEdge SE17K,-37.71828652,145.0509752,4962.2421875,1319,12.740137457044675,10.07443298969072,7.401202749140894,73.71351660939519,,97.0135325024438,-1.0,-1.8369701987210297e-16
38,2021,9,1,56.76,172.0,Trina 330W,1 x SolarEdge SE50K,-37.71828652,145.0509752,5797.1875,1321,12.740137457044675,10.07443298969072,7.401202749140894,73.71351660939519,,102.13508632840029,-1.0,-1.8369701987210297e-16
39,2021,9,1,47.74,154.0,Trina 310W,1 x SolarEdge SE25K + 1 x SolarEdge SE15K,-37.71828652,145.0509752,3449.57421875,1283,12.740137457044675,10.07443298969072,7.401202749140894,73.71351660939519,,72.25752448156682,-1.0,-1.8369701987210297e-16
40,2021,9,1,84.81,257.0,Trina 330W,1 x SolarEdge SE82.8K,-37.71828652,145.0509752,7645.5859375,1323,12.740137457044675,10.07443298969072,7.401202749140894,73.71351660939519,,90.1495806803443,-1.0,-1.8369701987210297e-16
14,2021,10,1,66.0,200.0,Trina 330W,2 x SolarEdge SE27.6K,-37.71828652,145.0509752,8258.6796875,1479,13.568450797872341,11.34065824468085,8.781781914893617,76.01063829787235,,125.13151041666667,-0.8660254037844386,0.5000000000000001
15,2021,10,1,94.24,304.0,Trina 310W,1 x SolarEdge SE82.8K,-37.71828652,145.0509752,11720.96875,1490,13.568450797872341,11.34065824468085,8.781781914893617,76.01063829787235,,124.37360727928693,-0.8660254037844386,0.5000000000000001
16,2021,10,1,30.0,115.38,TBD,SMA,-37.71828652,145.0509752,1901.537109375,1311,13.568450797872341,11.34065824468085,8.781781914893617,76.01063829787235,,63.3845703125,-0.8660254037844386,0.5000000000000001
17,2021,10,1,45.26,146.0,Trina 310W,1 x SolarEdge SE25K + 1 x SolarEdge SE15K,-37.71828652,145.0509752,5437.96875,1442,13.568450797872341,11.34065824468085,8.781781914893617,76.01063829787235,,120.14955258506409,-0.8660254037844386,0.5000000000000001
18,2021,10,1,167.97,509.0,Trina 330W,3 x SolarEdge SE50K,-37.71828652,145.0509752,21096.78125,1482,13.568450797872341,11.34065824468085,8.781781914893617,76.01063829787235,,125.5985071739001,-0.8660254037844386,0.5000000000000001
19,2021,10,1,34.32,104.0,Trina 330W,1 x SolarEdge SE27.6K,-37.71828652,145.0509752,25043.6875,1484,13.568450797872341,11.34065824468085,8.781781914893617,76.01063829787235,,729.7111742424242,-0.8660254037844386,0.5000000000000001
20,2021,10,1,77.22,234.0,Trina 330W,2 x SolarEdge SE25K + 1 x SolarEdge SE15K,-37.71828652,145.0509752,9620.7265625,1470,13.568450797872341,11.34065824468085,8.781781914893617,76.01063829787235,,124.58853357290857,-0.8660254037844386,0.5000000000000001
21,2021,10,1,39.27,119.0,Trina 330W,2 x SolarEdge SE17K,-37.71828652,145.0509752,4730.87890625,1443,13.568450797872341,11.34065824468085,8.781781914893617,76.01063829787235,,120.47056038324419,-0.8660254037844386,0.5000000000000001
22,2021,10,1,72.27,219.0,Trina 330W,1 x SolarEdge SE82.8K,-37.71828652,145.0509752,8919.453125,1482,13.568450797872341,11.34065824468085,8.781781914893617,76.01063829787235,,123.41847412480975,-0.8660254037844386,0.5000000000000001
23,2021,10,1,58.9,190.0,Trina 310W,1 x SolarEdge SE50K,-37.71828652,145.0509752,6926.859375,1461,13.568450797872341,11.34065824468085,8.781781914893617,76.01063829787235,,117.60372453310697,-0.8660254037844386,0.5000000000000001
24,2021,10,1,40.26,122.0,Trina 330W,1 x SolarEdge SE82.8K,-37.71828652,145.0509752,10436.140625,1461,13.568450797872341,11.34065824468085,8.781781914893617,76.01063829787235,,259.2185947590661,-0.8660254037844386,0.5000000000000001
25,2021,10,1,384.12,1164.0,Trina 330W,4 x SolarEdge SE82.8K,-37.71828652,145.0509752,47843.25,1507,13.568450797872341,11.34065824468085,8.781781914893617,76.01063829787235,,124.55287410184317,-0.8660254037844386,0.5000000000000001
26,2021,10,1,38.94,118.0,Trina 330W,1 x SolarEdge SE17K + 1 x SolarEdge SE15K,-37.71828652,145.0509752,4867.3046875,1472,13.568450797872341,11.34065824468085,8.781781914893617,76.01063829787235,,124.99498427067283,-0.8660254037844386,0.5000000000000001
27,2021,10,1,539.8,1240.92,SunpowerSPR-E20-435-COM,5 X ABB,-37.71828652,145.0509752,62180.0625,1564,13.568450797872341,11.34065824468085,8.781781914893617,76.01063829787235,,115.19092719525752,-0.8660254037844386,0.5000000000000001
30,2021,10,1,42.16,136.0,Trina 310W,2 x SolarEdge SE17K,-37.71828652,145.0509752,4616.68359375,1413,13.568450797872341,11.34065824468085,8.781781914893617,76.01063829787235,,109.5038803071632,-0.8660254037844386,0.5000000000000001
31,2021,10,1,76.23,231.0,Trina 330W,2 x SolarEdge SE25K + 1 x SolarEdge SE15K,-37.71828652,145.0509752,9297.7109375,1464,13.568450797872341,11.34065824468085,8.781781914893617,76.01063829787235,,121.96918454020727,-0.8660254037844386,0.5000000000000001
32,2021,10,1,35.64,108.0,Trina 330W,2 x SolarEdge SE15K,-37.71828652,145.0509752,3899.67578125,1429,13.568450797872341,11.34065824468085,8.781781914893617,76.01063829787235,,109.41851238075196,-0.8660254037844386,0.5000000000000001
33,2021,10,1,87.78,266.0,Trina 330W,1 x SolarEdge SE82.8K,-37.71828652,145.0509752,10558.171875,1470,13.568450797872341,11.34065824468085,8.781781914893617,76.01063829787235,,120.27992566643883,-0.8660254037844386,0.5000000000000001
34,2021,10,1,21.39,69.0,Trina 310W,1 x SolarEdge SE17K,-37.71828652,145.0509752,2610.44921875,1433,13.568450797872341,11.34065824468085,8.781781914893617,76.01063829787235,,122.04063668770453,-0.8660254037844386,0.5000000000000001
35,2021,10,1,29.45,95.0,Trina 310W,1 x SolarEdge SE25K,-37.71828652,145.0509752,3509.46484375,1415,13.568450797872341,11.34065824468085,8.781781914893617,76.01063829787235,,119.16688773344653,-0.8660254037844386,0.5000000000000001
36,2021,10,1,49.83,151.0,Trina 330W,1 x SolarEdge SE27.6K + 1 x SolarEdge SE15K,-37.71828652,145.0509752,5976.7109375,1458,13.568450797872341,11.34065824468085,8.781781914893617,76.01063829787235,,119.94202162351998,-0.8660254037844386,0.5000000000000001
37,2021,10,1,51.15,155.0,Trina 330W,1 x SolarEdge SE25K + 1 x SolarEdge SE17K,-37.71828652,145.0509752,5937.21875,1470,13.568450797872341,11.34065824468085,8.781781914893617,76.01063829787235,,116.07465786901271,-0.8660254037844386,0.5000000000000001
38,2021,10,1,56.76,172.0,Trina 330W,1 x SolarEdge SE50K,-37.71828652,145.0509752,6800.2421875,1472,13.568450797872341,11.34065824468085,8.781781914893617,76.01063829787235,,119.80694481148697,-0.8660254037844386,0.5000000000000001
39,2021,10,1,47.74,154.0,Trina 310W,1 x SolarEdge SE25K + 1 x SolarEdge SE15K,-37.71828652,145.0509752,3945.1015625,1416,13.568450797872341,11.34065824468085,8.781781914893617,76.01063829787235,,82.63723423753666,-0.8660254037844386,0.5000000000000001
40,2021,10,1,84.81,257.0,Trina 330W,1 x SolarEdge SE82.8K,-37.71828652,145.0509752,9375.59375,1479,13.568450797872341,11.34065824468085,8.781781914893617,76.01063829787235,,110.54821070628464,-0.8660254037844386,0.5000000000000001
14,2021,11,1,66.0,200.0,Trina 330W,2 x SolarEdge SE27.6K,-37.71828652,145.0509752,7541.359375,1415,15.383770718232045,13.701381215469612,10.299171270718233,75.19854972375691,,114.26302083333333,-0.5000000000000004,0.8660254037844384
15,2021,11,1,94.24,304.0,Trina 310W,1 x SolarEdge SE82.8K,-37.71828652,145.0509752,10517.53125,1404,15.383770718232045,13.701381215469612,10.299171270718233,75.19854972375691,,111.6036847410866,-0.5000000000000004,0.8660254037844384
16,2021,11,1,30.0,115.38,TBD,SMA,-37.71828652,145.0509752,1740.033203125,1264,15.383770718232045,13.701381215469612,10.299171270718233,75.19854972375691,,58.00110677083333,-0.5000000000000004,0.8660254037844384
17,2021,11,1,45.26,146.0,Trina 310W,1 x SolarEdge SE25K + 1 x SolarEdge SE15K,-37.71828652,145.0509752,4952.1796875,1377,15.383770718232045,13.701381215469612,10.299171270718233,75.19854972375691,,109.416254695095,-0.5000000000000004,0.8660254037844384
18,2021,11,1,167.97,509.0,Trina 330W,3 x SolarEdge SE50K,-37.71828652,145.0509752,19330.46875,1426,15.383770718232045,13.701381215469612,10.299171270718233,75.19854972375691,,115.08286449961302,-0.5000000000000004,0.8660254037844384
19,2021,11,1,34.32,104.0,Trina 330W,1 x SolarEdge SE27.6K,-37.71828652,145.0509752,22965.3125,1418,15.383770718232045,13.701381215469612,10.299171270718233,75.19854972375691,,669.1524621212121,-0.5000000000000004,0.8660254037844384
20,2021,11,1,77.22,234.0,Trina 330W,2 x SolarEdge SE25K + 1 x SolarEdge SE15K,-37.71828652,145.0509752,8779.015625,1414,15.383770718232045,13.701381215469612,10.299171270718233,75.19854972375691,,113.68836603211604,-0.5000000000000004,0.8660254037844384
21,2021,11,1,39.27,119.0,Trina 330W,2 x SolarEdge SE17K,-37.71828652,145.0509752,4269.1484375,1380,15.383770718232045,13.701381215469612,10.299171270718233,75.19854972375691,,108.71271804176214,-0.5000000000000004,0.8660254037844384
22,2021,11,1,72.27,219.0,Trina 330W,1 x SolarEdge SE82.8K,-37.71828652,145.0509752,8003.1953125,1406,15.383770718232045,13.701381215469612,10.299171270718233,75.19854972375691,,110.74021464646465,-0.5000000000000004,0.8660254037844384
23,2021,11,1,58.9,190.0,Trina 310W,1 x SolarEdge SE50K,-37.71828652,145.0509752,6487.0625,1396,15.383770718232045,13.701381215469612,10.299171270718233,75.19854972375691,,110.13688455008489,-0.5000000000000004,0.8660254037844384
24,2021,11,1,40.26,122.0,Trina 330W,1 x SolarEdge SE82.8K,-37.71828652,145.0509752,9763.015625,1435,15.383770718232045,13.701381215469612,10.299171270718233,75.19854972375691,,242.4991461748634,-0.5000000000000004,0.8660254037844384
25,2021,11,1,384.12,1164.0,Trina 330W,4 x SolarEdge SE82.8K,-37.71828652,145.0509752,46248.5,1509,15.383770718232045,13.701381215469612,10.299171270718233,75.19854972375691,,120.40117671560971,-0.5000000000000004,0.8660254037844384
26,2021,11,1,38.94,118.0,Trina 330W,1 x SolarEdge SE17K + 1 x SolarEdge SE15K,-37.71828652,145.0509752,4391.34765625,1390,15.383770718232045,13.701381215469612,10.299171270718233,75.19854972375691,,112.77215347329225,-0.5000000000000004,0.8660254037844384
27,2021,11,1,539.8,1240.92,SunpowerSPR-E20-435-COM,5 X ABB,-37.71828652,145.0509752,54447.0,1540,15.383770718232045,13.701381215469612,10.299171270718233,75.19854972375691,,100.86513523527233,-0.5000000000000004,0.8660254037844384
30,2021,11,1,42.16,136.0,Trina 310W,2 x SolarEdge SE17K,-37.71828652,145.0509752,4245.59375,1368,15.383770718232045,13.701381215469612,10.299171270718233,75.19854972375691,,100.70193904174573,-0.5000000000000004,0.8660254037844384
31,2021,11,1,76.23,231.0,Trina 330W,2 x SolarEdge SE25K + 1 x SolarEdge SE15K,-37.71828652,145.0509752,8258.7890625,1409,15.383770718232045,13.701381215469612,10.299171270718233,75.19854972375691,,108.34040486029122,-0.5000000000000004,0.8660254037844384
32,2021,11,1,35.64,108.0,Trina 330W,2 x SolarEdge SE15K,-37.71828652,145.0509752,3648.90234375,1370,15.383770718232045,13.701381215469612,10.299171270718233,75.19854972375691,,102.38222064393939,-0.5000000000000004,0.8660254037844384
33,2021,11,1,87.78,266.0,Trina 330W,1 x SolarEdge SE82.8K,-37.71828652,145.0509752,9409.1875,1405,15.383770718232045,13.701381215469612,10.299171270718233,75.19854972375691,,107.1905616313511,-0.5000000000000004,0.8660254037844384
34,2021,11,1,21.39,69.0,Trina 310W,1 x SolarEdge SE17K,-37.71828652,145.0509752,2376.7109375,1374,15.383770718232045,13.701381215469612,10.299171270718233,75.19854972375691,,111.11318080878915,-0.5000000000000004,0.8660254037844384
35,2021,11,1,29.45,95.0,Trina 310W,1 x SolarEdge SE25K,-37.71828652,145.0509752,3427.515625,1416,15.383770718232045,13.701381215469612,10.299171270718233,75.19854972375691,,116.38423174872666,-0.5000000000000004,0.8660254037844384
36,2021,11,1,49.83,151.0,Trina 330W,1 x SolarEdge SE27.6K + 1 x SolarEdge SE15K,-37.71828652,145.0509752,5382.3046875,1390,15.383770718232045,13.701381215469612,10.299171270718233,75.19854972375691,,108.01333910295003,-0.5000000000000004,0.8660254037844384
37,2021,11,1,51.15,155.0,Trina 330W,1 x SolarEdge SE25K + 1 x SolarEdge SE17K,-37.71828652,145.0509752,5529.515625,1406,15.383770718232045,13.701381215469612,10.299171270718233,75.19854972375691,,108.10392228739003,-0.5000000000000004,0.8660254037844384
38,2021,11,1,56.76,172.0,Trina 330W,1 x SolarEdge SE50K,-37.71828652,145.0509752,6531.890625,1465,15.383770718232045,13.701381215469612,10.299171270718233,75.19854972375691,,115.07911601479915,-0.5000000000000004,0.8660254037844384
39,2021,11,1,47.74,154.0,Trina 310W,1 x SolarEdge SE25K + 1 x SolarEdge SE15K,-37.71828652,145.0509752,3740.01171875,1402,15.383770718232045,13.701381215469612,10.299171270718233,75.19854972375691,,78.34125929514035,-0.5000000000000004,0.8660254037844384
40,2021,11,1,84.81,257.0,Trina 330W,1 x SolarEdge SE82.8K,-37.71828652,145.0509752,8827.71875,1460,15.383770718232045,13.701381215469612,10.299171270718233,75.19854972375691,,104.08818240773493,-0.5000000000000004,0.8660254037844384
14,2021,12,1,66.0,200.0,Trina 330W,2 x SolarEdge SE27.6K,-37.71828652,145.0509752,9409.109375,1580,18.13805220883534,16.473025435073627,10.794042838018742,66.97657295850067,,142.56226325757575,-2.4492935982947064e-16,1.0
15,2021,12,1,94.24,304.0,Trina 310W,1 x SolarEdge SE82.8K,-37.71828652,145.0509752,13084.453125,1569,18.13805220883534,16.473025435073627,10.794042838018742,66.97657295850067,,138.84182008701188,-2.4492935982947064e-16,1.0
16,2021,12,1,30.0,115.38,TBD,SMA,-37.71828652,145.0509752,2276.083984375,1471,18.13805220883534,16.473025435073627,10.794042838018742,66.97657295850067,,75.86946614583333,-2.4492935982947064e-16,1.0
17,2021,12,1,45.26,146.0,Trina 310W,1 x SolarEdge SE25K + 1 x SolarEdge SE15K,-37.71828652,145.0509752,6225.8671875,1554,18.13805220883534,16.473025435073627,10.794042838018742,66.97657295850067,,137.55782561864783,-2.4492935982947064e-16,1.0
18,2021,12,1,167.97,509.0,Trina 330W,3 x SolarEdge SE50K,-37.71828652,145.0509752,24783.125,1628,18.13805220883534,16.473025435073627,10.794042838018742,66.97657295850067,,147.54494850270882,-2.4492935982947064e-16,1.0
19,2021,12,1,34.32,104.0,Trina 330W,1 x SolarEdge SE27.6K,-37.71828652,145.0509752,29061.40625,1610,18.13805220883534,16.473025435073627,10.794042838018742,66.97657295850067,,846.7775713869464,-2.4492935982947064e-16,1.0
20,2021,12,1,77.22,234.0,Trina 330W,2 x SolarEdge SE25K + 1 x SolarEdge SE15K,-37.71828652,145.0509752,9843.09375,1409,18.13805220883534,16.473025435073627,10.794042838018742,66.97657295850067,,127.46819153069153,-2.4492935982947064e-16,1.0
21,2021,12,1,39.27,119.0,Trina 330W,2 x SolarEdge SE17K,-37.71828652,145.0509752,5343.015625,1533,18.13805220883534,16.473025435073627,10.794042838018742,66.97657295850067,,136.05845747389864,-2.4492935982947064e-16,1.0
22,2021,12,1,72.27,219.0,Trina 330W,1 x SolarEdge SE82.8K,-37.71828652,145.0509752,9825.9140625,1545,18.13805220883534,16.473025435073627,10.794042838018742,66.97657295850067,,135.96117424242425,-2.4492935982947064e-16,1.0
23,2021,12,1,58.9,190.0,Trina 310W,1 x SolarEdge SE50K,-37.71828652,145.0509752,8142.6015625,1576,18.13805220883534,16.473025435073627,10.794042838018742,66.97657295850067,,138.24450870118847,-2.4492935982947064e-16,1.0
24,2021,12,1,40.26,122.0,Trina 330W,1 x SolarEdge SE82.8K,-37.71828652,145.0509752,12160.09375,1609,18.13805220883534,16.473025435073627,10.794042838018742,66.97657295850067,,302.03908966716347,-2.4492935982947064e-16,1.0
25,2021,12,1,384.12,1164.0,Trina 330W,4 x SolarEdge SE82.8K,-37.71828652,145.0509752,54884.625,1627,18.13805220883534,16.473025435073627,10.794042838018742,66.97657295850067,,142.88405966885347,-2.4492935982947064e-16,1.0
26,2021,12,1,38.94,118.0,Trina 330W,1 x SolarEdge SE17K + 1 x SolarEdge SE15K,-37.71828652,145.0509752,5647.859375,1582,18.13805220883534,16.473025435073627,10.794042838018742,66.97657295850067,,145.04004558294812,-2.4492935982947064e-16,1.0
27,2021,12,1,539.8,1240.92,SunpowerSPR-E20-435-COM,5 X ABB,-37.71828652,145.0509752,65887.5,1851,18.13805220883534,16.473025435073627,10.794042838018742,66.97657295850067,,122.05909596146722,-2.4492935982947064e-16,1.0
30,2021,12,1,42.16,136.0,Trina 310W,2 x SolarEdge SE17K,-37.71828652,145.0509752,5294.5,1560,18.13805220883534,16.473025435073627,10.794042838018742,66.97657295850067,,125.58111954459204,-2.4492935982947064e-16,1.0
31,2021,12,1,76.23,231.0,Trina 330W,2 x SolarEdge SE25K + 1 x SolarEdge SE15K,-37.71828652,145.0509752,10352.359375,1595,18.13805220883534,16.473025435073627,10.794042838018742,66.97657295850067,,135.80426833267742,-2.4492935982947064e-16,1.0
32,2021,12,1,35.64,108.0,Trina 330W,2 x SolarEdge SE15K,-37.71828652,145.0509752,4408.78515625,1547,18.13805220883534,16.473025435073627,10.794042838018742,66.97657295850067,,123.70328721240179,-2.4492935982947064e-16,1.0
33,2021,12,1,87.78,266.0,Trina 330W,1 x SolarEdge SE82.8K,-37.71828652,145.0509752,11863.40625,1589,18.13805220883534,16.473025435073627,10.794042838018742,66.97657295850067,,135.1493079289132,-2.4492935982947064e-16,1.0
34,2021,12,1,21.39,69.0,Trina 310W,1 x SolarEdge SE17K,-37.71828652,145.0509752,3168.96875,1593,18.13805220883534,16.473025435073627,10.794042838018742,66.97657295850067,,148.1518817204301,-2.4492935982947064e-16,1.0
35,2021,12,1,29.45,95.0,Trina 310W,1 x SolarEdge SE25K,-37.71828652,145.0509752,4031.44140625,1527,18.13805220883534,16.473025435073627,10.794042838018742,66.97657295850067,,136.89104944821733,-2.4492935982947064e-16,1.0
36,2021,12,1,49.83,151.0,Trina 330W,1 x SolarEdge SE27.6K + 1 x SolarEdge SE15K,-37.71828652,145.0509752,6873.890625,1567,18.13805220883534,16.473025435073627,10.794042838018742,66.97657295850067,,137.94683172787478,-2.4492935982947064e-16,1.0
37,2021,12,1,51.15,155.0,Trina 330W,1 x SolarEdge SE25K + 1 x SolarEdge SE17K,-37.71828652,145.0509752,6722.4921875,1570,18.13805220883534,16.473025435073627,10.794042838018742,66.97657295850067,,131.42702223851418,-2.4492935982947064e-16,1.0
38,2021,12,1,56.76,172.0,Trina 330W,1 x SolarEdge SE50K,-37.71828652,145.0509752,8578.6953125,1660,18.13805220883534,16.473025435073627,10.794042838018742,66.97657295850067,,151.13980465997182,-2.4492935982947064e-16,1.0
39,2021,12,1,47.74,154.0,Trina 310W,1 x SolarEdge SE25K + 1 x SolarEdge SE15K,-37.71828652,145.0509752,4472.16796875,1527,18.13805220883534,16.473025435073627,10.794042838018742,66.97657295850067,,93.67758627461248,-2.4492935982947064e-16,1.0
40,2021,12,1,84.81,257.0,Trina 330W,1 x SolarEdge SE82.8K,-37.71828652,145.0509752,10376.34375,1558,18.13805220883534,16.473025435073627,10.794042838018742,66.97657295850067,,122.34811637778563,-2.4492935982947064e-16,1.0
14,2022,1,1,66.0,200.0,Trina 330W,2 x SolarEdge SE27.6K,-37.71828652,145.0509752,9606.109375,1596,23.345911528150133,23.41353887399464,14.920375335120644,64.03652815013405,,145.54711174242425,0.49999999999999994,0.8660254037844387
15,2022,1,1,94.24,304.0,Trina 310W,1 x SolarEdge SE82.8K,-37.71828652,145.0509752,13819.671875,1606,23.345911528150133,23.41353887399464,14.920375335120644,64.03652815013405,,146.6433772814092,0.49999999999999994,0.8660254037844387
16,2022,1,1,30.0,115.38,TBD,SMA,-37.71828652,145.0509752,2254.8203125,1461,23.345911528150133,23.41353887399464,14.920375335120644,64.03652815013405,,75.16067708333334,0.49999999999999994,0.8660254037844387
17,2022,1,1,45.26,146.0,Trina 310W,1 x SolarEdge SE25K + 1 x SolarEdge SE15K,-37.71828652,145.0509752,6248.8203125,1545,23.345911528150133,23.41353887399464,14.920375335120644,64.03652815013405,,138.0649649248785,0.49999999999999994,0.8660254037844387
18,2022,1,1,167.97,509.0,Trina 330W,3 x SolarEdge SE50K,-37.71828652,145.0509752,24942.53125,1624,23.345911528150133,23.41353887399464,14.920375335120644,64.03652815013405,,148.4939646960767,0.49999999999999994,0.8660254037844387
19,2022,1,1,34.32,104.0,Trina 330W,1 x SolarEdge SE27.6K,-37.71828652,145.0509752,28738.21875,1564,23.345911528150133,23.41353887399464,14.920375335120644,64.03652815013405,,837.3606861888112,0.49999999999999994,0.8660254037844387
20,2022,1,1,77.22,234.0,Trina 330W,2 x SolarEdge SE25K + 1 x SolarEdge SE15K,-37.71828652,145.0509752,11054.9375,1576,23.345911528150133,23.41353887399464,14.920375335120644,64.03652815013405,,143.16158378658378,0.49999999999999994,0.8660254037844387
21,2022,1,1,39.27,119.0,Trina 330W,2 x SolarEdge SE17K,-37.71828652,145.0509752,5449.46875,1538,23.345911528150133,23.41353887399464,14.920375335120644,64.03652815013405,,138.76925770308122,0.49999999999999994,0.8660254037844387
22,2022,1,1,72.27,219.0,Trina 330W,1 x SolarEdge SE82.8K,-37.71828652,145.0509752,10329.1875,1591,23.345911528150133,23.41353887399464,14.920375335120644,64.03652815013405,,142.9249688667497,0.49999999999999994,0.8660254037844387
23,2022,1,1,58.9,190.0,Trina 310W,1 x SolarEdge SE50K,-37.71828652,145.0509752,8210.1640625,1582,23.345911528150133,23.41353887399464,14.920375335120644,64.03652815013405,,139.39158000848897,0.49999999999999994,0.8660254037844387
24,2022,1,1,40.26,122.0,Trina 330W,1 x SolarEdge SE82.8K,-37.71828652,145.0509752,9226.390625,1551,23.345911528150133,23.41353887399464,14.920375335120644,64.03652815013405,,229.1701595876801,0.49999999999999994,0.8660254037844387
25,2022,1,1,384.12,1164.0,Trina 330W,4 x SolarEdge SE82.8K,-37.71828652,145.0509752,54270.75,1603,23.345911528150133,23.41353887399464,14.920375335120644,64.03652815013405,,141.28592627303968,0.49999999999999994,0.8660254037844387
26,2022,1,1,38.94,118.0,Trina 330W,1 x SolarEdge SE17K + 1 x SolarEdge SE15K,-37.71828652,145.0509752,5676.46875,1561,23.345911528150133,23.41353887399464,14.920375335120644,64.03652815013405,,145.774749614792,0.49999999999999994,0.8660254037844387
27,2022,1,1,539.8,1240.92,SunpowerSPR-E20-435-COM,5 X ABB,-37.71828652,145.0509752,60198.0,1791,23.345911528150133,23.41353887399464,14.920375335120644,64.03652815013405,,111.5190811411634,0.49999999999999994,0.8660254037844387
30,2022,1,1,42.16,136.0,Trina 310W,2 x SolarEdge SE17K,-37.71828652,145.0509752,5214.2421875,1551,23.345911528150133,23.41353887399464,14.920375335120644,64.03652815013405,,123.67747124051235,0.49999999999999994,0.8660254037844387
31,2022,1,1,76.23,231.0,Trina 330W,2 x SolarEdge SE25K + 1 x SolarEdge SE15K,-37.71828652,145.0509752,10293.75,1584,23.345911528150133,23.41353887399464,14.920375335120644,64.03652815013405,,135.0354191263282,0.49999999999999994,0.8660254037844387
32,2022,1,1,35.64,108.0,Trina 330W,2 x SolarEdge SE15K,-37.71828652,145.0509752,4463.55859375,1530,23.345911528150133,23.41353887399464,14.920375335120644,64.03652815013405,,125.24014011644219,0.49999999999999994,0.8660254037844387
33,2022,1,1,87.78,266.0,Trina 330W,1 x SolarEdge SE82.8K,-37.71828652,145.0509752,12083.53125,1600,23.345911528150133,23.41353887399464,14.920375335120644,64.03652815013405,,137.6569976076555,0.49999999999999994,0.8660254037844387
34,2022,1,1,21.39,69.0,Trina 310W,1 x SolarEdge SE17K,-37.71828652,145.0509752,3030.41796875,1544,23.345911528150133,23.41353887399464,14.920375335120644,64.03652815013405,,141.674519343151,0.49999999999999994,0.8660254037844387
35,2022,1,1,29.45,95.0,Trina 310W,1 x SolarEdge SE25K,-37.71828652,145.0509752,4020.3984375,1514,23.345911528150133,23.41353887399464,14.920375335120644,64.03652815013405,,136.5160759762309,0.49999999999999994,0.8660254037844387
36,2022,1,1,49.83,151.0,Trina 330W,1 x SolarEdge SE27.6K + 1 x SolarEdge SE15K,-37.71828652,145.0509752,7006.0859375,1575,23.345911528150133,23.41353887399464,14.920375335120644,64.03652815013405,,140.59975792695164,0.49999999999999994,0.8660254037844387
37,2022,1,1,51.15,155.0,Trina 330W,1 x SolarEdge SE25K + 1 x SolarEdge SE17K,-37.71828652,145.0509752,6810.8984375,1559,23.345911528150133,23.41353887399464,14.920375335120644,64.03652815013405,,133.15539467253177,0.49999999999999994,0.8660254037844387
38,2022,1,1,56.76,172.0,Trina 330W,1 x SolarEdge SE50K,-37.71828652,145.0509752,8374.5625,1633,23.345911528150133,23.41353887399464,14.920375335120644,64.03652815013405,,147.54338442565188,0.49999999999999994,0.8660254037844387
39,2022,1,1,47.74,154.0,Trina 310W,1 x SolarEdge SE25K + 1 x SolarEdge SE15K,-37.71828652,145.0509752,4536.62890625,1520,23.345911528150133,23.41353887399464,14.920375335120644,64.03652815013405,,95.02783632697947,0.49999999999999994,0.8660254037844387
40,2022,1,1,84.81,257.0,Trina 330W,1 x SolarEdge SE82.8K,-37.71828652,145.0509752,10602.5,1586,23.345911528150133,23.41353887399464,14.920375335120644,64.03652815013405,,125.0147388279684,0.49999999999999994,0.8660254037844387
14,2022,2,1,66.0,200.0,Trina 330W,2 x SolarEdge SE27.6K,-37.71828652,145.0509752,8533.09375,1393,19.910764662212323,19.1,12.54974016332591,66.14142538975501,,129.28929924242425,0.8660254037844386,0.5000000000000001
15,2022,2,1,94.24,304.0,Trina 310W,1 x SolarEdge SE82.8K,-37.71828652,145.0509752,12071.640625,1398,19.910764662212323,19.1,12.54974016332591,66.14142538975501,,128.0946585844652,0.8660254037844386,0.5000000000000001
16,2022,2,1,30.0,115.38,TBD,SMA,-37.71828652,145.0509752,1996.005859375,1262,19.910764662212323,19.1,12.54974016332591,66.14142538975501,,66.53352864583333,0.8660254037844386,0.5000000000000001
17,2022,2,1,45.26,146.0,Trina 310W,1 x SolarEdge SE25K + 1 x SolarEdge SE15K,-37.71828652,145.0509752,5536.046875,1369,19.910764662212323,19.1,12.54974016332591,66.14142538975501,,122.31654606716748,0.8660254037844386,0.5000000000000001
18,2022,2,1,167.97,509.0,Trina 330W,3 x SolarEdge SE50K,-37.71828652,145.0509752,22215.59375,1414,19.910764662212323,19.1,12.54974016332591,66.14142538975501,,132.25929481455023,0.8660254037844386,0.5000000000000001
19,2022,2,1,34.32,104.0,Trina 330W,1 x SolarEdge SE27.6K,-37.71828652,145.0509752,26161.96875,1412,19.910764662212323,19.1,12.54974016332591,66.14142538975501,,762.2951267482517,0.8660254037844386,0.5000000000000001
20,2022,2,1,77.22,234.0,Trina 330W,2 x SolarEdge SE25K + 1 x SolarEdge SE15K,-37.71828652,145.0509752,9902.625,1387,19.910764662212323,19.1,12.54974016332591,66.14142538975501,,128.239121989122,0.8660254037844386,0.5000000000000001
21,2022,2,1,39.27,119.0,Trina 330W,2 x SolarEdge SE17K,-37.71828652,145.0509752,4877.328125,1372,19.910764662212323,19.1,12.54974016332591,66.14142538975501,,124.19985039470333,0.8660254037844386,0.5000000000000001
22,2022,2,1,72.27,219.0,Trina 330W,1 x SolarEdge SE82.8K,-37.71828652,145.0509752,8500.1875,1336,19.910764662212323,19.1,12.54974016332591,66.14142538975501,,117.61709561367097,0.8660254037844386,0.5000000000000001
23,2022,2,1,58.9,190.0,Trina 310W,1 x SolarEdge SE50K,-37.71828652,145.0509752,7242.453125,1378,19.910764662212323,19.1,12.54974016332591,66.14142538975501,,122.9618527164686,0.8660254037844386,0.5000000000000001
24,2022,2,1,40.26,122.0,Trina 330W,1 x SolarEdge SE82.8K,-37.71828652,145.0509752,7186.859375,1416,19.910764662212323,19.1,12.54974016332591,66.14142538975501,,178.51116182314954,0.8660254037844386,0.5000000000000001
25,2022,2,1,384.12,1164.0,Trina 330W,4 x SolarEdge SE82.8K,-37.71828652,145.0509752,42028.8125,1200,19.910764662212323,19.1,12.54974016332591,66.14142538975501,,109.41584010205145,0.8660254037844386,0.5000000000000001
26,2022,2,1,38.94,118.0,Trina 330W,1 x SolarEdge SE17K + 1 x SolarEdge SE15K,-37.71828652,145.0509752,4858.65625,1377,19.910764662212323,19.1,12.54974016332591,66.14142538975501,,124.77288777606574,0.8660254037844386,0.5000000000000001
27,2022,2,1,539.8,1240.92,SunpowerSPR-E20-435-COM,5 X ABB,-37.71828652,145.0509752,47270.75,1542,19.910764662212323,19.1,12.54974016332591,66.14142538975501,,87.57085957762135,0.8660254037844386,0.5000000000000001
30,2022,2,1,42.16,136.0,Trina 310W,2 x SolarEdge SE17K,-37.71828652,145.0509752,4641.09375,1333,19.910764662212323,19.1,12.54974016332591,66.14142538975501,,110.08286883301709,0.8660254037844386,0.5000000000000001
31,2022,2,1,76.23,231.0,Trina 330W,2 x SolarEdge SE25K + 1 x SolarEdge SE15K,-37.71828652,145.0509752,9020.78125,1370,19.910764662212323,19.1,12.54974016332591,66.14142538975501,,118.33636691591236,0.8660254037844386,0.5000000000000001
32,2022,2,1,35.64,108.0,Trina 330W,2 x SolarEdge SE15K,-37.71828652,145.0509752,4003.703125,1355,19.910764662212323,19.1,12.54974016332591,66.14142538975501,,112.33734918630752,0.8660254037844386,0.5000000000000001
33,2022,2,1,87.78,266.0,Trina 330W,1 x SolarEdge SE82.8K,-37.71828652,145.0509752,10694.75,1389,19.910764662212323,19.1,12.54974016332591,66.14142538975501,,121.8358395989975,0.8660254037844386,0.5000000000000001
34,2022,2,1,21.39,69.0,Trina 310W,1 x SolarEdge SE17K,-37.71828652,145.0509752,2594.1796875,1334,19.910764662212323,19.1,12.54974016332591,66.14142538975501,,121.28002279102384,0.8660254037844386,0.5000000000000001
35,2022,2,1,29.45,95.0,Trina 310W,1 x SolarEdge SE25K,-37.71828652,145.0509752,3527.01171875,1308,19.910764662212323,19.1,12.54974016332591,66.14142538975501,,119.76270691850594,0.8660254037844386,0.5000000000000001
36,2022,2,1,49.83,151.0,Trina 330W,1 x SolarEdge SE27.6K + 1 x SolarEdge SE15K,-37.71828652,145.0509752,6215.578125,1391,19.910764662212323,19.1,12.54974016332591,66.14142538975501,,124.73566375677304,0.8660254037844386,0.5000000000000001
37,2022,2,1,51.15,155.0,Trina 330W,1 x SolarEdge SE25K + 1 x SolarEdge SE17K,-37.71828652,145.0509752,6045.03125,1381,19.910764662212323,19.1,12.54974016332591,66.14142538975501,,118.18242913000978,0.8660254037844386,0.5000000000000001
38,2022,2,1,56.76,172.0,Trina 330W,1 x SolarEdge SE50K,-37.71828652,145.0509752,7044.84375,1399,19.910764662212323,19.1,12.54974016332591,66.14142538975501,,124.11634513742072,0.8660254037844386,0.5000000000000001
39,2022,2,1,47.74,154.0,Trina 310W,1 x SolarEdge SE25K + 1 x SolarEdge SE15K,-37.71828652,145.0509752,4020.51953125,1327,19.910764662212323,19.1,12.54974016332591,66.14142538975501,,84.21699897884373,0.8660254037844386,0.5000000000000001
40,2022,2,1,84.81,257.0,Trina 330W,1 x SolarEdge SE82.8K,-37.71828652,145.0509752,9277.484375,1398,19.910764662212323,19.1,12.54974016332591,66.14142538975501,,109.39139694611484,0.8660254037844386,0.5000000000000001
14,2022,3,1,66.0,200.0,Trina 330W,2 x SolarEdge SE27.6K,-37.71828652,145.0509752,7691.015625,1441,18.868758434547907,18.694062078272605,13.784278002699056,75.62145748987854,,116.53053977272727,1.0,6.123233995736766e-17
15,2022,3,1,94.24,304.0,Trina 310W,1 x SolarEdge SE82.8K,-37.71828652,145.0509752,10279.859375,1438,18.868758434547907,18.694062078272605,13.784278002699056,75.62145748987854,,109.08169964983023,1.0,6.123233995736766e-17
16,2022,3,1,30.0,115.38,TBD,SMA,-37.71828652,145.0509752,1778.552734375,1280,18.868758434547907,18.694062078272605,13.784278002699056,75.62145748987854,,59.285091145833334,1.0,6.123233995736766e-17
17,2022,3,1,45.26,146.0,Trina 310W,1 x SolarEdge SE25K + 1 x SolarEdge SE15K,-37.71828652,145.0509752,4978.71875,1405,18.868758434547907,18.694062078272605,13.784278002699056,75.62145748987854,,110.00262372956253,1.0,6.123233995736766e-17
18,2022,3,1,167.97,509.0,Trina 330W,3 x SolarEdge SE50K,-37.71828652,145.0509752,19917.65625,1452,18.868758434547907,18.694062078272605,13.784278002699056,75.62145748987854,,118.57865243793535,1.0,6.123233995736766e-17
19,2022,3,1,34.32,104.0,Trina 330W,1 x SolarEdge SE27.6K,-37.71828652,145.0509752,23251.375,1456,18.868758434547907,18.694062078272605,13.784278002699056,75.62145748987854,,677.4876165501165,1.0,6.123233995736766e-17
20,2022,3,1,77.22,234.0,Trina 330W,2 x SolarEdge SE25K + 1 x SolarEdge SE15K,-37.71828652,145.0509752,9045.921875,1437,18.868758434547907,18.694062078272605,13.784278002699056,75.62145748987854,,117.14480542605543,1.0,6.123233995736766e-17
21,2022,3,1,39.27,119.0,Trina 330W,2 x SolarEdge SE17K,-37.71828652,145.0509752,4289.15625,1393,18.868758434547907,18.694062078272605,13.784278002699056,75.62145748987854,,109.22221161191749,1.0,6.123233995736766e-17
22,2022,3,1,72.27,219.0,Trina 330W,1 x SolarEdge SE82.8K,-37.71828652,145.0509752,7947.65625,1427,18.868758434547907,18.694062078272605,13.784278002699056,75.62145748987854,,109.97172063096721,1.0,6.123233995736766e-17
23,2022,3,1,58.9,190.0,Trina 310W,1 x SolarEdge SE50K,-37.71828652,145.0509752,6455.140625,1431,18.868758434547907,18.694062078272605,13.784278002699056,75.62145748987854,,109.59491723259762,1.0,6.123233995736766e-17
24,2022,3,1,40.26,122.0,Trina 330W,1 x SolarEdge SE82.8K,-37.71828652,145.0509752,6343.25,1421,18.868758434547907,18.694062078272605,13.784278002699056,75.62145748987854,,157.55712866368606,1.0,6.123233995736766e-17
25,2022,3,1,384.12,1164.0,Trina 330W,4 x SolarEdge SE82.8K,-37.71828652,145.0509752,44911.875,1472,18.868758434547907,18.694062078272605,13.784278002699056,75.62145748987854,,116.92146985317088,1.0,6.123233995736766e-17
26,2022,3,1,38.94,118.0,Trina 330W,1 x SolarEdge SE17K + 1 x SolarEdge SE15K,-37.71828652,145.0509752,4258.3828125,1404,18.868758434547907,18.694062078272605,13.784278002699056,75.62145748987854,,109.35754526194145,1.0,6.123233995736766e-17
27,2022,3,1,539.8,1240.92,SunpowerSPR-E20-435-COM,5 X ABB,-37.71828652,145.0509752,40203.375,1564,18.868758434547907,18.694062078272605,13.784278002699056,75.62145748987854,,74.47827899221934,1.0,6.123233995736766e-17
30,2022,3,1,42.16,136.0,Trina 310W,2 x SolarEdge SE17K,-37.71828652,145.0509752,4334.5078125,1393,18.868758434547907,18.694062078272605,13.784278002699056,75.62145748987854,,102.81090636859584,1.0,6.123233995736766e-17
31,2022,3,1,76.23,231.0,Trina 330W,2 x SolarEdge SE25K + 1 x SolarEdge SE15K,-37.71828652,145.0509752,8397.75,1426,18.868758434547907,18.694062078272605,13.784278002699056,75.62145748987854,,110.16332152695789,1.0,6.123233995736766e-17
32,2022,3,1,35.64,108.0,Trina 330W,2 x SolarEdge SE15K,-37.71828652,145.0509752,3585.5703125,1395,18.868758434547907,18.694062078272605,13.784278002699056,75.62145748987854,,100.60522762345678,1.0,6.123233995736766e-17
33,2022,3,1,87.78,266.0,Trina 330W,1 x SolarEdge SE82.8K,-37.71828652,145.0509752,9512.09375,1429,18.868758434547907,18.694062078272605,13.784278002699056,75.62145748987854,,108.36288163590795,1.0,6.123233995736766e-17
34,2022,3,1,21.39,69.0,Trina 310W,1 x SolarEdge SE17K,-37.71828652,145.0509752,2286.67578125,1361,18.868758434547907,18.694062078272605,13.784278002699056,75.62145748987854,,106.90396359280037,1.0,6.123233995736766e-17
35,2022,3,1,29.45,95.0,Trina 310W,1 x SolarEdge SE25K,-37.71828652,145.0509752,3217.9375,1379,18.868758434547907,18.694062078272605,13.784278002699056,75.62145748987854,,109.26782682512734,1.0,6.123233995736766e-17
36,2022,3,1,49.83,151.0,Trina 330W,1 x SolarEdge SE27.6K + 1 x SolarEdge SE15K,-37.71828652,145.0509752,5418.3125,1408,18.868758434547907,18.694062078272605,13.784278002699056,75.62145748987854,,108.73595223760788,1.0,6.123233995736766e-17
37,2022,3,1,51.15,155.0,Trina 330W,1 x SolarEdge SE25K + 1 x SolarEdge SE17K,-37.71828652,145.0509752,5343.7578125,1420,18.868758434547907,18.694062078272605,13.784278002699056,75.62145748987854,,104.47229349951124,1.0,6.123233995736766e-17
38,2022,3,1,56.76,172.0,Trina 330W,1 x SolarEdge SE50K,-37.71828652,145.0509752,6220.703125,1429,18.868758434547907,18.694062078272605,13.784278002699056,75.62145748987854,,109.59660192036645,1.0,6.123233995736766e-17
39,2022,3,1,47.74,154.0,Trina 310W,1 x SolarEdge SE25K + 1 x SolarEdge SE15K,-37.71828652,145.0509752,3672.125,1380,18.868758434547907,18.694062078272605,13.784278002699056,75.62145748987854,,76.91925010473398,1.0,6.123233995736766e-17
40,2022,3,1,84.81,257.0,Trina 330W,1 x SolarEdge SE82.8K,-37.71828652,145.0509752,8118.453125,1416,18.868758434547907,18.694062078272605,13.784278002699056,75.62145748987854,,95.7251871831152,1.0,6.123233995736766e-17
14,2022,4,1,66.0,200.0,Trina 330W,2 x SolarEdge SE27.6K,-37.71828652,145.0509752,4025.65625,958,15.868965517241378,15.159346642468238,11.463702359346643,78.34392014519057,,60.994791666666664,0.8660254037844387,-0.4999999999999998
15,2022,4,1,94.24,304.0,Trina 310W,1 x SolarEdge SE82.8K,-37.71828652,145.0509752,5356.765625,965,15.868965517241378,15.159346642468238,11.463702359346643,78.34392014519057,,56.84174050297114,0.8660254037844387,-0.4999999999999998
16,2022,4,1,30.0,115.38,TBD,SMA,-37.71828652,145.0509752,820.31640625,792,15.868965517241378,15.159346642468238,11.463702359346643,78.34392014519057,,27.343880208333335,0.8660254037844387,-0.4999999999999998
17,2022,4,1,45.26,146.0,Trina 310W,1 x SolarEdge SE25K + 1 x SolarEdge SE15K,-37.71828652,145.0509752,2686.203125,937,15.868965517241378,15.159346642468238,11.463702359346643,78.34392014519057,,59.35048884224481,0.8660254037844387,-0.4999999999999998
18,2022,4,1,167.97,509.0,Trina 330W,3 x SolarEdge SE50K,-37.71828652,145.0509752,10526.5625,977,15.868965517241378,15.159346642468238,11.463702359346643,78.34392014519057,,62.66930106566649,0.8660254037844387,-0.4999999999999998
19,2022,4,1,34.32,104.0,Trina 330W,1 x SolarEdge SE27.6K,-37.71828652,145.0509752,12086.65625,975,15.868965517241378,15.159346642468238,11.463702359346643,78.34392014519057,,352.1752986596737,0.8660254037844387,-0.4999999999999998
20,2022,4,1,77.22,234.0,Trina 330W,2 x SolarEdge SE25K + 1 x SolarEdge SE15K,-37.71828652,145.0509752,4764.8125,952,15.868965517241378,15.159346642468238,11.463702359346643,78.34392014519057,,61.70438357938358,0.8660254037844387,-0.4999999999999998
21,2022,4,1,39.27,119.0,Trina 330W,2 x SolarEdge SE17K,-37.71828652,145.0509752,2184.4375,921,15.868965517241378,15.159346642468238,11.463702359346643,78.34392014519057,,55.626114081996434,0.8660254037844387,-0.4999999999999998
22,2022,4,1,72.27,219.0,Trina 330W,1 x SolarEdge SE82.8K,-37.71828652,145.0509752,3878.515625,954,15.868965517241378,15.159346642468238,11.463702359346643,78.34392014519057,,53.66702123979522,0.8660254037844387,-0.4999999999999998
23,2022,4,1,58.9,190.0,Trina 310W,1 x SolarEdge SE50K,-37.71828652,145.0509752,3359.5078125,953,15.868965517241378,15.159346642468238,11.463702359346643,78.34392014519057,,57.03748408319185,0.8660254037844387,-0.4999999999999998
24,2022,4,1,40.26,122.0,Trina 330W,1 x SolarEdge SE82.8K,-37.71828652,145.0509752,5246.578125,959,15.868965517241378,15.159346642468238,11.463702359346643,78.34392014519057,,130.31739008941878,0.8660254037844387,-0.4999999999999998
25,2022,4,1,384.12,1164.0,Trina 330W,4 x SolarEdge SE82.8K,-37.71828652,145.0509752,23946.0625,982,15.868965517241378,15.159346642468238,11.463702359346643,78.34392014519057,,62.34005649276268,0.8660254037844387,-0.4999999999999998
26,2022,4,1,38.94,118.0,Trina 330W,1 x SolarEdge SE17K + 1 x SolarEdge SE15K,-37.71828652,145.0509752,2151.4609375,929,15.868965517241378,15.159346642468238,11.463702359346643,78.34392014519057,,55.25066608885465,0.8660254037844387,-0.4999999999999998
27,2022,4,1,539.8,1240.92,SunpowerSPR-E20-435-COM,5 X ABB,-37.71828652,145.0509752,20403.625,1059,15.868965517241378,15.159346642468238,11.463702359346643,78.34392014519057,,37.79849018154872,0.8660254037844387,-0.4999999999999998
30,2022,4,1,42.16,136.0,Trina 310W,2 x SolarEdge SE17K,-37.71828652,145.0509752,2380.5234375,927,15.868965517241378,15.159346642468238,11.463702359346643,78.34392014519057,,56.4640284037002,0.8660254037844387,-0.4999999999999998
31,2022,4,1,76.23,231.0,Trina 330W,2 x SolarEdge SE25K + 1 x SolarEdge SE15K,-37.71828652,145.0509752,4560.03125,955,15.868965517241378,15.159346642468238,11.463702359346643,78.34392014519057,,59.81937885346976,0.8660254037844387,-0.4999999999999998
32,2022,4,1,35.64,108.0,Trina 330W,2 x SolarEdge SE15K,-37.71828652,145.0509752,1875.9375,917,15.868965517241378,15.159346642468238,11.463702359346643,78.34392014519057,,52.635732323232325,0.8660254037844387,-0.4999999999999998
33,2022,4,1,87.78,266.0,Trina 330W,1 x SolarEdge SE82.8K,-37.71828652,145.0509752,5051.609375,958,15.868965517241378,15.159346642468238,11.463702359346643,78.34392014519057,,57.54852329687856,0.8660254037844387,-0.4999999999999998
34,2022,4,1,21.39,69.0,Trina 310W,1 x SolarEdge SE17K,-37.71828652,145.0509752,1220.671875,882,15.868965517241378,15.159346642468238,11.463702359346643,78.34392014519057,,57.06740883590463,0.8660254037844387,-0.4999999999999998
35,2022,4,1,29.45,95.0,Trina 310W,1 x SolarEdge SE25K,-37.71828652,145.0509752,1727.6953125,912,15.868965517241378,15.159346642468238,11.463702359346643,78.34392014519057,,58.66537563667233,0.8660254037844387,-0.4999999999999998
36,2022,4,1,49.83,151.0,Trina 330W,1 x SolarEdge SE27.6K + 1 x SolarEdge SE15K,-37.71828652,145.0509752,2782.265625,933,15.868965517241378,15.159346642468238,11.463702359346643,78.34392014519057,,55.835152016857315,0.8660254037844387,-0.4999999999999998
37,2022,4,1,51.15,155.0,Trina 330W,1 x SolarEdge SE25K + 1 x SolarEdge SE17K,-37.71828652,145.0509752,2782.4765625,945,15.868965517241378,15.159346642468238,11.463702359346643,78.34392014519057,,54.398368768328446,0.8660254037844387,-0.4999999999999998
38,2022,4,1,56.76,172.0,Trina 330W,1 x SolarEdge SE50K,-37.71828652,145.0509752,3222.640625,943,15.868965517241378,15.159346642468238,11.463702359346643,78.34392014519057,,56.77661425299507,0.8660254037844387,-0.4999999999999998
39,2022,4,1,47.74,154.0,Trina 310W,1 x SolarEdge SE25K + 1 x SolarEdge SE15K,-37.71828652,145.0509752,1976.5234375,907,15.868965517241378,15.159346642468238,11.463702359346643,78.34392014519057,,41.401831535400085,0.8660254037844387,-0.4999999999999998
40,2022,4,1,84.81,257.0,Trina 330W,1 x SolarEdge SE82.8K,-37.71828652,145.0509752,4194.125,949,15.868965517241378,15.159346642468238,11.463702359346643,78.34392014519057,,49.45318948237236,0.8660254037844387,-0.4999999999999998
